Workbook

Sheet Diseño
A2: =VALUE(LEFT(C4,FIND(" - ",C4)-1)) -> 786 | B2: Diseño de Contenido Curricular
B4: Curso | C4: 786 - Sistemas Organizacionales y Gerenciales 1
B5: Periodo al que aplica | C5: Primer Semestre 2026
B8: No. | C8: Competencia | D8: Nombre de la Unidad | E8: Tema | F8: Subtema | G8: Mes | H8: Semana
B9: 1 | C9: valida metodologías de gestión del cambio y rediseño de procesos organizativos utilizando modelos de cambio organizativo y técnicas de reingeniería con el fin de garantizar la incorporación efectiva de las TIC | D9: 1 | E9: Evolución del sistema de información | F9: Definición de sistema de información | G9: febrero | H9: 2
B10: 2 | C10: valida metodologías de gestión del cambio y rediseño de procesos organizativos utilizando modelos de cambio organizativo y técnicas de reingeniería con el fin de garantizar la incorporación efectiva de las TIC | D10: 1 | E10: Evolución del sistema de información | F10: Historia de los sistemas de información | G10: febrero | H10: 2
B11: 3 | C11: valida metodologías de gestión del cambio y rediseño de procesos organizativos utilizando modelos de cambio organizativo y técnicas de reingeniería con el fin de garantizar la incorporación efectiva de las TIC | D11: 1 | E11: Evolución del sistema de información | F11: Tipos de sistemas de información | G11: febrero | H11: 2
B12: 4 | C12: valida metodologías de gestión del cambio y rediseño de procesos organizativos utilizando modelos de cambio organizativo y técnicas de reingeniería con el fin de garantizar la incorporación efectiva de las TIC | D12: 1 | E12: Evolución del sistema de información | F12: Importancia en la empresa | G12: febrero | H12: 2
B13: 5 | C13: valida metodologías de gestión del cambio y rediseño de procesos organizativos utilizando modelos de cambio organizativo y técnicas de reingeniería con el fin de garantizar la incorporación efectiva de las TIC | D13: 1 | E13: Evolución del sistema de información | F13: Desafíos actuales | G13: febrero | H13: 2
B14: 6 | C14: valida metodologías de gestión del cambio y rediseño de procesos organizativos utilizando modelos de cambio organizativo y técnicas de reingeniería con el fin de garantizar la incorporación efectiva de las TIC | D14: 1 | E14: Evolución del sistema de información | F14: Ejemplos de sistemas en empresas | G14: febrero | H14: 2
B15: 7 | C15: valida metodologías de gestión del cambio y rediseño de procesos organizativos utilizando modelos de cambio organizativo y técnicas de reingeniería con el fin de garantizar la incorporación efectiva de las TIC | D15: 1 | E15: Evolución del sistema de información | F15: Futuro de los sistemas de información | G15: febrero | H15: 2
B16: 8 | C16: contrasta ideas, soluciones y propuestas relacionadas con sistemas de información utilizando herramientas de comunicación efectiva con el fin de facilitar la colaboración y comprensión en la organización | D16: 1 | E16: Gestión de recursos de información | F16: Fuentes de información | G16: febrero | H16: 2
B17: 9 | C17: contrasta ideas, soluciones y propuestas relacionadas con sistemas de información utilizando herramientas de comunicación efectiva con el fin de facilitar la colaboración y comprensión en la organización | D17: 1 | E17: Gestión de recursos de información | F17: Clasificación de la información | G17: febrero | H17: 2
B18: 10 | C18: contrasta ideas, soluciones y propuestas relacionadas con sistemas de información utilizando herramientas de comunicación efectiva con el fin de facilitar la colaboración y comprensión en la organización | D18: 1 | E18: Gestión de recursos de información | F18: Herramientas de gestión | G18: febrero | H18: 3
B19: 11 | C19: contrasta ideas, soluciones y propuestas relacionadas con sistemas de información utilizando herramientas de comunicación efectiva con el fin de facilitar la colaboración y comprensión en la organización | D19: 1 | E19: Gestión de recursos de información | F19: Procesos de toma de decisiones | G19: febrero | H19: 3
B20: 12 | C20: contrasta ideas, soluciones y propuestas relacionadas con sistemas de información utilizando herramientas de comunicación efectiva con el fin de facilitar la colaboración y comprensión en la organización | D20: 1 | E20: Gestión de recursos de información | F20: Ejemplos de gestión efectiva | G20: febrero | H20: 3
... B102: 94 | C102: implementa sistemas de información organizacionales utilizando tecnologías de información y comunicación con el fin de apoyar la transformación digital y la toma de decisiones estratégicas en la empresa | D102: 5 | E102: Gamificación en educación | F102: Ventajas de las plataformas | G102: mayo | H102: 12

Sheet Semana Diagnostico
B2: Diseño de Contenido Curricular
B4: Curso | C4: ='Diseño'!C4 -> 786 - Sistemas Organizacionales y Gerenciales 1
B5: Semana | C5: 1
B6: Tiempo | C6: =B15+B22+B29+B41+B47+C48 -> #VALUE!
K8: Estos puntos son recomendaciones de los puntos a tratar durante tu presentacion, si no usaras estos eres libre de agregar mas filas para indicar que haras. En los recuadros de la derecha colocar breve resumen de lo que planeas decir. No debes ser muy especifico seran pequeñas anotaciones que te ayudaran a recordar lo que planeaste
A9: 1. Bienvenida y Presentación | G9: Tiempo Aproximado | H9: 10 min
G10: No puedes excederte mas de 15 minutos
A11: Nombre y Formacion Academica | B11: Presentacion de mi persona y formacion academica
A12: Experiencia docente y profecional | B12: Presentacion CV
A13: Rol del auxiliar dentro del curso (funciones, actividades y apoyo a los estudiantes). | B13: Ayuda por medio oficiales (UEDI y DTT)
A14: Expectativas sobre la dinámica del curso | B14: puntualidad, respeto, participación, trabajo colaborativo.
A15: Tiempo que emplearas | B15: 10 min aproximadamente
A18: 2. Evaluación de Conocimientos Previos | G18: Tiempo Aproximado | H18: =B22 -> 30 min
G19: No puedes excederte mas de 45 minutos | K19: En los recuadors de la derecha deberas colocar las preguntas que planeas realizar con sus respectivas respuestas. En el segundo recuadro deberas colocar un breve resumne de lo que tines planificado para la parte practica del curso previo al que estas impartiendo.
A20: Redactaras de 15 a 20 preguntas con sus respectivas respuestas , por lo que debes escoge los temas que evaluaras | B20: Examen de Conocimientos Previos (Tomando en cuenta pre-requisito AYD1) (VF) Un sistema de información (SI) integra personas, procesos y tecnología para apoyar decisiones. R: Verdadero. (Opción múltiple) Dato vs. Información: la información es… R: Datos procesados con contexto. (VF) Un ERP integra finanzas, inventario, compras y RR. HH. R: Verdadero. (VF) Un CRM se centra en optimizar la relación con clientes. R: Verdadero. (VF) Un SCM gestiona la cadena de suministro extremo a extremo. R: Verdadero. (Opción múltiple) Ejemplo de CRM: R: Seguimiento de oportunidades/embudo de ventas. (Opción múltiple) Ejemplo de ERP: R: Consolidación contable y control de inventarios. (VF) Business Analytics = reportes operativos únicamente. R: Falso (incluye análisis descriptivo, diagnóstico y predictivo). (Opción múltiple) En BA, un dashboard sirve para… R: Monitoreo visual de KPIs. (VF) Un caso de uso describe interacción actor–sistema para lograr un objetivo. R: Verdadero. (Opción múltiple) Arquitectura de sistemas trata de… R: Componentes, interacciones y despliegue. (VF) Gestión del conocimiento busca capturar, compartir y reutilizar know-how. R: Verdadero. (VF) Ética digital: privacidad y uso responsable de datos. R: Verdadero. (Opción múltiple) Ejemplo de integración: R: ERP + CRM via middleware/API. (VF) E-business = solo tienda en línea. R: Falso (incluye procesos y colaboración digital).
A21: Redactaras una parte practica | B21: Actividad “flash”: Clasifica 6 escenarios en ERP/CRM/SCM. Ej. “Seguimiento de tickets postventa” → CRM; “MRP y órdenes de compra” → ERP; “Ruteo de transporte” → SCM.
A22: Tiempo que emplearas | B22: 30 min
A25: 3. Presentación de los Estudiantes | G25: Tiempo Aproximado | H25: =B29 -> 20 min
G26: No puedes excederte mas de 30 minutos
A27: Seleccion al Azar de 5 Estudiantes | B27: Metodología de selección al azar: “Wheel of Names” o =RAND() en Google Sheets y ordenar por número. | K27: En el primer recuadro colocaras la metodollogia que adoptaras para la eleccion de los estudiantes. En el segundo recuadro colocaras la redaccion de las preguntas que comprendan los siguientes puntos respecto al estudiante: Nombre. Intereses y expectativas sobre el curso. Experiencia previa relacionada con el curso (si aplica). Un dato curioso sobre sí mismo. Consideras que la prueba de conociminetos previos esta acorde al conocimiento que se te brindo en su momento Que tan comodo se sintio con la prueba anterior.
A28: Preguntas que responderan los estudiantes afortunados | B28: 1) Nombre. 2) Intereses/expectativas. 3) Experiencia previa (si aplica). 4) Un dato curioso. 5) ¿La prueba diagnóstica estuvo acorde a lo visto antes? 6) ¿Qué tan cómodo se sintió?
A29: Tiempo que emplearas | B29: 20 min
A32: 4. Senso de Horarios de Calificación | G32: Tiempo Aproximado | H32: =B36 -> 5 min
A33: Deberas estar recordando que deben contestar el formulario asi mismo dejar el link fijado en la llamada | G33: Esta actividad quedara abierta hasta el fin de la clase. pero emplearas 5 min especificos para la actividad
A34: Link de google forms donde este el cuestionario | B34: https://forms.gle/MiGe8eBJiyxmu8yH6 | K34: Esta actividad te ayudara a realizar un senso de posibles horarios de calificacion y que tus estudiantes esten enterados y puedan preveer los dias de calificacion y asi mismo el horario. Deberas colocar en los reacuadros de la derecha link de Google form libre para correos intitucionales, esto para garantizar una sola respuesta por estudiante. TAmbien deberas colocar los posibles horarios y dias que tentativamente tendrias disponibles. para colocarlos en el google form.
A35: Dias y posibles Horarios de calificacion | B35: Sabado de 7:00 am - 1:00 pm y Sabado de 12:00 pm - 5:00 pm
A36: Tiempo que emplearas | B36: 5 min
A39: 4. Mostrar Programa del Curso | G39: Tiempo Aproximado | H39: =B41 -> 20 min
G40: No puedes excederte mas de 30 minutos
A41: Tiempo que emplearas | B41: 20 min
A44: 2. Evaluación de Conocimientos del Curso Actual | G44: Tiempo Aproximado | H44: =B47 -> 15 min
G45: No puedes excederte mas de 15 minutos
A46: Redactaras 20 preguntas con sus respectivas respuestas | B46: (VF) La evolución de los SI muestra mayor integración y analítica en las empresas. R: V. (OM) Un sistema funcional típico es: R: Finanzas, ventas o RR. HH. (VF) Un GIS se usa para analizar datos espaciales. R: V. (OM) Business Analytics apoya la toma de decisiones R: Con KPIs y análisis descriptivo/diagnóstico/predictivo. (VF) Gestión del conocimiento depende solo de herramientas. R: F (también procesos y cultura). (OM) Papel estratégico de las TIC: R: Habilitar ventaja competitiva y eficiencia. (VF) Global e-business implica colaboración con socios digitales. R: V. (VF) Problemas éticos: sesgos algorítmicos y privacidad de datos. R: V. (OM) Clases de SI: R: ERP, CRM, SCM, GIS, DSS, etc. (VF) La integración de sistemas reduce redundancia y mejora datos maestros. R: V. (OM) Arquitectura de sistemas: R: Capas/componentes y sus interacciones. (VF) El ciclo de vida de sistemas incluye análisis, diseño, implementación, operación. R: V. (OM) E-learning en empresas apoya… R: Formación continua y onboarding. (VF) Gamificación busca aumentar motivación mediante mecánicas de juego. R: V. (OM) Un KPI bien definido es… R: Medible, relevante y con meta temporal. (VF) Un dashboard efectivo debe alinear métricas con objetivos. R: V. (OM) Caso de uso vs user story: R: Caso de uso = interacción detallada; historia = necesidad corta. (VF) SCM coordina abastecimiento, producción y distribución. R: V. (OM) Riesgo habitual en integración: R: Silos de datos y falta de gobierno. (VF) Comunicación efectiva es clave para alinear áreas de negocio y TI. R: V.
A47: Tiempo que emplearas | B47: 15 min

Sheet S.2
B2: Diseño de la Sesión de Laboratorio
B4: Curso | C4: ='Diseño'!C4 -> 786 - Sistemas Organizacionales y Gerenciales 1
B5: Semana | C5: 2
B6: Tiempo | C6: =H10+H21+H44+H68 -> 115
B7: Ponderación | C7: =B49+B60 -> 0
B8: Validación de Tiempo | C8: =IF(H44<=0, "❌ ERROR: La Actividad 1 debe tener un tiempo mayor a 0.", IF(H21>60, "❌ ERROR: El 'Área de Conocimiento' no puede exceder los 60 min.", IF((H10+H21+H44)<100, "❌ ERROR: El tiempo total debe ser de al menos 100 min.", "✅ VALIDACIÓN CORRECTA"))) -> ✅ VALIDACIÓN CORRECTA
A10: 1. Área Actitudinal (Saber Ser) | G10: Tiempo Aproximado | H10: =B13 -> 5
G11: Tiene que estar en un rango de 3 a 5 minutos
A12: Nombre del Valor | B12: Responsabilidad
A13: Tiempo Aproximado | B13: 5
A14: Descripcion
A15: Cumplir con deberes y compromisos.
A17: Como se relaciona con los conocimientos de la sesion y se aplicaria
A18: Cumplir con deberes y compromisos que se dejan en el curso
A21: 2. Área Conocimiento (Saber) | G21: Tiempo Aproximado | H21: =SUM(D39:H42) -> 55
G22: No puede exceder los 60 minutos
A23: Competencia a desarrollar | B23: valida metodologías de gestión del cambio y rediseño de procesos organizativos utilizando modelos de cambio organizativo y técnicas de reingeniería con el fin de garantizar la incorporación efectiva de las TIC
A24: Competencia a desarrollar | B24: contrasta ideas, soluciones y propuestas relacionadas con sistemas de información utilizando herramientas de comunicación efectiva con el fin de facilitar la colaboración y comprensión en la organización
A26: 2.1 Contenido
A27: No. | B27: Unidad | D27: Tema | F27: Sub Tema
A28: 1 | B28: =IFERROR(__xludf.DUMMYFUNCTION("FILTER('Diseño'!D:D,'Diseño'!H:H=$C$5)"),1.0) -> 1 | D28: =IFERROR(__xludf.DUMMYFUNCTION("FILTER('Diseño'!E:E,'Diseño'!H:H=$C$5)"),"Evolución del sistema de información") -> Evolución del sistema de información | F28: =IFERROR(__xludf.DUMMYFUNCTION("FILTER('Diseño'!F:F,'Diseño'!H:H=$C$5)"),"Definición de sistema de información") -> Definición de sistema de información
A29: 2 | B29: =IFERROR(__xludf.DUMMYFUNCTION("""COMPUTED_VALUE"""),1.0) -> 1 | D29: =IFERROR(__xludf.DUMMYFUNCTION("""COMPUTED_VALUE"""),"Evolución del sistema de información") -> Evolución del sistema de información | F29: =IFERROR(__xludf.DUMMYFUNCTION("""COMPUTED_VALUE"""),"Historia de los sistemas de información") -> Historia de los sistemas de información
A30: 3 | B30: =IFERROR(__xludf.DUMMYFUNCTION("""COMPUTED_VALUE"""),1.0) -> 1 | D30: =IFERROR(__xludf.DUMMYFUNCTION("""COMPUTED_VALUE"""),"Evolución del sistema de información") -> Evolución del sistema de información | F30: =IFERROR(__xludf.DUMMYFUNCTION("""COMPUTED_VALUE"""),"Tipos de sistemas de información") -> Tipos de sistemas de información
A31: 4 | B31: =IFERROR(__xludf.DUMMYFUNCTION("""COMPUTED_VALUE"""),1.0) -> 1 | D31: =IFERROR(__xludf.DUMMYFUNCTION("""COMPUTED_VALUE"""),"Evolución del sistema de información") -> Evolución del sistema de información | F31: =IFERROR(__xludf.DUMMYFUNCTION("""COMPUTED_VALUE"""),"Importancia en la empresa") -> Importancia en la empresa
A32: 5 | B32: =IFERROR(__xludf.DUMMYFUNCTION("""COMPUTED_VALUE"""),1.0) -> 1 | D32: =IFERROR(__xludf.DUMMYFUNCTION("""COMPUTED_VALUE"""),"Evolución del sistema de información") -> Evolución del sistema de información | F32: =IFERROR(__xludf.DUMMYFUNCTION("""COMPUTED_VALUE"""),"Desafíos actuales") -> Desafíos actuales
A33: 6 | B33: =IFERROR(__xludf.DUMMYFUNCTION("""COMPUTED_VALUE"""),1.0) -> 1 | D33: =IFERROR(__xludf.DUMMYFUNCTION("""COMPUTED_VALUE"""),"Evolución del sistema de información") -> Evolución del sistema de información | F33: =IFERROR(__xludf.DUMMYFUNCTION("""COMPUTED_VALUE"""),"Ejemplos de sistemas en empresas") -> Ejemplos de sistemas en empresas
A34: 7 | B34: =IFERROR(__xludf.DUMMYFUNCTION("""COMPUTED_VALUE"""),1.0) -> 1 | D34: =IFERROR(__xludf.DUMMYFUNCTION("""COMPUTED_VALUE"""),"Evolución del sistema de información") -> Evolución del sistema de información | F34: =IFERROR(__xludf.DUMMYFUNCTION("""COMPUTED_VALUE"""),"Futuro de los sistemas de información") -> Futuro de los sistemas de información
B35: =IFERROR(__xludf.DUMMYFUNCTION("""COMPUTED_VALUE"""),1.0) -> 1 | D35: =IFERROR(__xludf.DUMMYFUNCTION("""COMPUTED_VALUE"""),"Gestión de recursos de información") -> Gestión de recursos de información | F35: =IFERROR(__xludf.DUMMYFUNCTION("""COMPUTED_VALUE"""),"Fuentes de información") -> Fuentes de información
A36: 2.2 Recursos Educativos | B36: =IFERROR(__xludf.DUMMYFUNCTION("""COMPUTED_VALUE"""),1.0) -> 1 | D36: =IFERROR(__xludf.DUMMYFUNCTION("""COMPUTED_VALUE"""),"Gestión de recursos de información") -> Gestión de recursos de información | F36: =IFERROR(__xludf.DUMMYFUNCTION("""COMPUTED_VALUE"""),"Clasificación de la información") -> Clasificación de la información
A38: Tipo de Recurso a utilizar | B38: Tipo | C38: Rango Aproximando | D38: Tiempo Aproximado
A39: Presentacion | B39: Obligatorio | C39: 5 a 10 minutos | D39: 10
A40: Video | B40: Obligatorio | C40: 3 a 6 minutos | D40: 5
A41: Lectura | B41: Optativo | C41: 25 minutos | D41: 25
A42: Ejercicio Demostrativo | B42: Obligatorio | C42: 15 minutos | D42: 15
A44: 3. Área de Habilidades (Saber Hacer) | G44: Tiempo Aproximado | H44: =B50 -> 40
G45: Tiene que estar en un rango de 30 a 50 minutos
A46: Actividad 1 (Obligatoria)
A47: Competencia que predomina en la actividad | B47: contrasta ideas, soluciones y propuestas relacionadas con sistemas de información utilizando herramientas de comunicación efectiva con el fin de facilitar la colaboración y comprensión en la organización
A48: Tipo de Actividad | B48: Ejercicio practico
A49: Ponderación | B49: 0
A50: Tiempo Aproximado | B50: 40
A51: Coloca el tiempo que usar en la actividad, un tiempo sugerido 30 minutos
A52: Descripcion de la Actividad
A53: Hoja de Trabajo 1
A57: Actividad 2 (Optativa puedes hacerla si lo consideras apropiado)
A58: Competencia que predomina en la actividad
A59: Tipo de Actividad
A60: Ponderación
A61: Tiempo Aproximado
A62: Coloca el tiempo que usar en la actividad, un tiempo sugerido 20 minutos
A63: Descripcion de la Actividad
A68: 3. Cierre | G68: Tiempo Aproximado | H68: 15
G69: Tiene que estar en un rango de 10 a 15 minutos
A70: Tiempo Aproximado | B70: 10
A71: Asignacion de Actividades
A72: Tiempo de resolución de dudas
A74: Resuelve alguna duda, asigna las actividades que deben realizar, dudas de proyectos, etc

Sheet S.3
B2: Diseño de la Sesión de Laboratorio
B4: Curso | C4: ='Diseño'!C4 -> 786 - Sistemas Organizacionales y Gerenciales 1
B5: Semana | C5: 3
B6: Tiempo | C6: =H10+H21+H44+H68 -> 115
B7: Ponderación | C7: =B49+B60 -> 0
B8: Validación de Tiempo | C8: =IF(H44<=0, "❌ ERROR: La Actividad 1 debe tener un tiempo mayor a 0.", IF(H21>60, "❌ ERROR: El 'Área de Conocimiento' no puede exceder los 60 min.", IF((H10+H21+H44)<100, "❌ ERROR: El tiempo total debe ser de al menos 100 min.", "✅ VALIDACIÓN CORRECTA"))) -> ✅ VALIDACIÓN CORRECTA
A10: 1. Área Actitudinal (Saber Ser) | G10: Tiempo Aproximado | H10: =B13 -> 5
G11: Tiene que estar en un rango de 3 a 5 minutos
A12: Nombre del Valor | B12: Respeto
A13: Tiempo Aproximado | B13: 5
A14: Descripcion
A15: Tratar a los demás con dignidad y cortesía.
A17: Como se relaciona con los conocimientos de la sesion y se aplicaria
A18: Tratar a los demás con dignidad y cortesía , genera una cultura de respeto y de una mejor manera para poder organizar grupos.
A21: 2. Área Conocimiento (Saber) | G21: Tiempo Aproximado | H21: =SUM(D39:H42) -> 55
G22: No puede exceder los 60 minutos
A23: Competencia a desarrollar | B23: valida metodologías de gestión del cambio y rediseño de procesos organizativos utilizando modelos de cambio organizativo y técnicas de reingeniería con el fin de garantizar la incorporación efectiva de las TIC
A24: Competencia a desarrollar | B24: contrasta ideas, soluciones y propuestas relacionadas con sistemas de información utilizando herramientas de comunicación efectiva con el fin de facilitar la colaboración y comprensión en la organización
A26: 2.1 Contenido
A27: No. | B27: Unidad | D27: Tema | F27: Sub Tema
A28: 1 | B28: =IFERROR(__xludf.DUMMYFUNCTION("FILTER('Diseño'!D:D,'Diseño'!H:H=$C$5)"),1.0) -> 1 | D28: =IFERROR(__xludf.DUMMYFUNCTION("FILTER('Diseño'!E:E,'Diseño'!H:H=$C$5)"),"Gestión de recursos de información") -> Gestión de recursos de información | F28: =IFERROR(__xludf.DUMMYFUNCTION("FILTER('Diseño'!F:F,'Diseño'!H:H=$C$5)"),"Herramientas de gestión") -> Herramientas de gestión
A29: 2 | B29: =IFERROR(__xludf.DUMMYFUNCTION("""COMPUTED_VALUE"""),1.0) -> 1 | D29: =IFERROR(__xludf.DUMMYFUNCTION("""COMPUTED_VALUE"""),"Gestión de recursos de información") -> Gestión de recursos de información | F29: =IFERROR(__xludf.DUMMYFUNCTION("""COMPUTED_VALUE"""),"Procesos de toma de decisiones") -> Procesos de toma de decisiones
A30: 3 | B30: =IFERROR(__xludf.DUMMYFUNCTION("""COMPUTED_VALUE"""),1.0) -> 1 | D30: =IFERROR(__xludf.DUMMYFUNCTION("""COMPUTED_VALUE"""),"Gestión de recursos de información") -> Gestión de recursos de información | F30: =IFERROR(__xludf.DUMMYFUNCTION("""COMPUTED_VALUE"""),"Ejemplos de gestión efectiva") -> Ejemplos de gestión efectiva
A31: 4 | B31: =IFERROR(__xludf.DUMMYFUNCTION("""COMPUTED_VALUE"""),1.0) -> 1 | D31: =IFERROR(__xludf.DUMMYFUNCTION("""COMPUTED_VALUE"""),"Gestión de recursos de información") -> Gestión de recursos de información | F31: =IFERROR(__xludf.DUMMYFUNCTION("""COMPUTED_VALUE"""),"Impacto en la organización") -> Impacto en la organización
A32: 5 | B32: =IFERROR(__xludf.DUMMYFUNCTION("""COMPUTED_VALUE"""),1.0) -> 1 | D32: =IFERROR(__xludf.DUMMYFUNCTION("""COMPUTED_VALUE"""),"Gestión de recursos de información") -> Gestión de recursos de información | F32: =IFERROR(__xludf.DUMMYFUNCTION("""COMPUTED_VALUE"""),"Estudio de caso") -> Estudio de caso
A33: 6 | B33: =IFERROR(__xludf.DUMMYFUNCTION("""COMPUTED_VALUE"""),1.0) -> 1 | D33: =IFERROR(__xludf.DUMMYFUNCTION("""COMPUTED_VALUE"""),"Business Analytics") -> Business Analytics | F33: =IFERROR(__xludf.DUMMYFUNCTION("""COMPUTED_VALUE"""),"Definición de Business Analytics") -> Definición de Business Analytics
A34: 7 | B34: =IFERROR(__xludf.DUMMYFUNCTION("""COMPUTED_VALUE"""),1.0) -> 1 | D34: =IFERROR(__xludf.DUMMYFUNCTION("""COMPUTED_VALUE"""),"Business Analytics") -> Business Analytics | F34: =IFERROR(__xludf.DUMMYFUNCTION("""COMPUTED_VALUE"""),"Herramientas de análisis") -> Herramientas de análisis
A36: 2.2 Recursos Educativos
A38: Tipo de Recurso a utilizar | B38: Tipo | C38: Rango Aproximando | D38: Tiempo Aproximado
A39: Presentacion | B39: Obligatorio | C39: 5 a 10 minutos | D39: 10
A40: Video | B40: Obligatorio | C40: 3 a 6 minutos | D40: 5
A41: Lectura | B41: Optativo | C41: 25 minutos | D41: 25
A42: Ejercicio Demostrativo | B42: Obligatorio | C42: 15 minutos | D42: 15
A44: 3. Área de Habilidades (Saber Hacer) | G44: Tiempo Aproximado | H44: =B50 -> 40
G45: Tiene que estar en un rango de 30 a 50 minutos
A46: Actividad 1 (Obligatoria)
A47: Competencia que predomina en la actividad | B47: contrasta ideas, soluciones y propuestas relacionadas con sistemas de información utilizando herramientas de comunicación efectiva con el fin de facilitar la colaboración y comprensión en la organización
A48: Tipo de Actividad | B48: otros
A49: Ponderación | B49: 0
A50: Tiempo Aproximado | B50: 40
A51: Coloca el tiempo que usar en la actividad, un tiempo sugerido 30 minutos
A52: Descripcion de la Actividad
A53: Lectura De Clase Para que Pongan en practica la Teoria
A57: Actividad 2 (Optativa puedes hacerla si lo consideras apropiado)
A58: Competencia que predomina en la actividad
A59: Tipo de Actividad
A60: Ponderación
A61: Tiempo Aproximado
A62: Coloca el tiempo que usar en la actividad, un tiempo sugerido 20 minutos
A63: Descripcion de la Actividad
A68: 3. Cierre | G68: Tiempo Aproximado | H68: =B70 -> 15
G69: Tiene que estar en un rango de 10 a 15 minutos
A70: Tiempo Aproximado | B70: 15
A71: Asignacion de Actividades
A72: Tiempo de resolución de dudas
A74: Resuelve alguna duda, asigna las actividades que deben realizar, dudas de proyectos, etc

Sheet S.4
B2: Diseño de la Sesión de Laboratorio
B4: Curso | C4: ='Diseño'!C4 -> 786 - Sistemas Organizacionales y Gerenciales 1
B5: Semana | C5: 4
B6: Tiempo | C6: =H10+H21+H44+H68 -> 115
B7: Ponderación | C7: =B49+B60 -> 0
B8: Validación de Tiempo | C8: =IF(H44<=0, "❌ ERROR: La Actividad 1 debe tener un tiempo mayor a 0.", IF(H21>60, "❌ ERROR: El 'Área de Conocimiento' no puede exceder los 60 min.", IF((H10+H21+H44)<100, "❌ ERROR: El tiempo total debe ser de al menos 100 min.", "✅ VALIDACIÓN CORRECTA"))) -> ✅ VALIDACIÓN CORRECTA
A10: 1. Área Actitudinal (Saber Ser) | G10: Tiempo Aproximado | H10: =B13 -> 5
G11: Tiene que estar en un rango de 3 a 5 minutos
A12: Nombre del Valor | B12: Perseverancia
A13: Tiempo Aproximado | B13: 5
A14: Descripcion
A15: Valor: Mantenerse constante ante los retos.
A17: Como se relaciona con los conocimientos de la sesion y se aplicaria
A18: Al ser perseverante se puede lograr terminar el curso con una nota aprobatoria
A21: 2. Área Conocimiento (Saber) | G21: Tiempo Aproximado | H21: =SUM(D39:H42) -> 55
G22: No puede exceder los 60 minutos
A23: Competencia a desarrollar | B23: combina técnicas de trabajo en equipo y colaboración interdisciplinaria empleando metodologías ágiles de gestión de proyectos con el fin de fomentar la innovación y eficiencia organizacional
A24: Competencia a desarrollar
A26: 2.1 Contenido
A27: No. | B27: Unidad | D27: Tema | F27: Sub Tema
A28: 1 | B28: =IFERROR(__xludf.DUMMYFUNCTION("FILTER('Diseño'!D:D,'Diseño'!H:H=$C$5)"),1.0) -> 1 | D28: =IFERROR(__xludf.DUMMYFUNCTION("FILTER('Diseño'!E:E,'Diseño'!H:H=$C$5)"),"Business Analytics") -> Business Analytics | F28: =IFERROR(__xludf.DUMMYFUNCTION("FILTER('Diseño'!F:F,'Diseño'!H:H=$C$5)"),"Importancia en la toma de decisiones") -> Importancia en la toma de decisiones
A29: 2 | B29: =IFERROR(__xludf.DUMMYFUNCTION("""COMPUTED_VALUE"""),1.0) -> 1 | D29: =IFERROR(__xludf.DUMMYFUNCTION("""COMPUTED_VALUE"""),"Business Analytics") -> Business Analytics | F29: =IFERROR(__xludf.DUMMYFUNCTION("""COMPUTED_VALUE"""),"Ejemplos de Business Analytics") -> Ejemplos de Business Analytics
A30: 3 | B30: =IFERROR(__xludf.DUMMYFUNCTION("""COMPUTED_VALUE"""),1.0) -> 1 | D30: =IFERROR(__xludf.DUMMYFUNCTION("""COMPUTED_VALUE"""),"Business Analytics") -> Business Analytics | F30: =IFERROR(__xludf.DUMMYFUNCTION("""COMPUTED_VALUE"""),"Casos de éxito") -> Casos de éxito
A31: 4 | B31: =IFERROR(__xludf.DUMMYFUNCTION("""COMPUTED_VALUE"""),1.0) -> 1 | D31: =IFERROR(__xludf.DUMMYFUNCTION("""COMPUTED_VALUE"""),"Business Analytics") -> Business Analytics | F31: =IFERROR(__xludf.DUMMYFUNCTION("""COMPUTED_VALUE"""),"Integración con sistemas de información") -> Integración con sistemas de información
A32: 5 | B32: =IFERROR(__xludf.DUMMYFUNCTION("""COMPUTED_VALUE"""),1.0) -> 1 | D32: =IFERROR(__xludf.DUMMYFUNCTION("""COMPUTED_VALUE"""),"Business Analytics") -> Business Analytics | F32: =IFERROR(__xludf.DUMMYFUNCTION("""COMPUTED_VALUE"""),"Tendencias futuras") -> Tendencias futuras
A33: 6 | B33: =IFERROR(__xludf.DUMMYFUNCTION("""COMPUTED_VALUE"""),1.0) -> 1 | D33: =IFERROR(__xludf.DUMMYFUNCTION("""COMPUTED_VALUE"""),"La gestión del conocimiento") -> La gestión del conocimiento | F33: =IFERROR(__xludf.DUMMYFUNCTION("""COMPUTED_VALUE"""),"Concepto de gestión del conocimiento") -> Concepto de gestión del conocimiento
A34: 7 | B34: =IFERROR(__xludf.DUMMYFUNCTION("""COMPUTED_VALUE"""),1.0) -> 1 | D34: =IFERROR(__xludf.DUMMYFUNCTION("""COMPUTED_VALUE"""),"La gestión del conocimiento") -> La gestión del conocimiento | F34: =IFERROR(__xludf.DUMMYFUNCTION("""COMPUTED_VALUE"""),"Estrategias de gestión") -> Estrategias de gestión
A36: 2.2 Recursos Educativos
A38: Tipo de Recurso a utilizar | B38: Tipo | C38: Rango Aproximando | D38: Tiempo Aproximado
A39: Presentacion | B39: Obligatorio | C39: 5 a 10 minutos | D39: 10
A40: Video | B40: Obligatorio | C40: 3 a 6 minutos | D40: 5
A41: Lectura | B41: Optativo | C41: 25 minutos | D41: 25
A42: Ejercicio Demostrativo | B42: Obligatorio | C42: 15 minutos | D42: 15
A44: 3. Área de Habilidades (Saber Hacer) | G44: Tiempo Aproximado | H44: =B50 -> 40
G45: Tiene que estar en un rango de 30 a 50 minutos
A46: Actividad 1 (Obligatoria)
A47: Competencia que predomina en la actividad | B47: contrasta ideas, soluciones y propuestas relacionadas con sistemas de información utilizando herramientas de comunicación efectiva con el fin de facilitar la colaboración y comprensión en la organización
A48: Tipo de Actividad | B48: otros
A49: Ponderación | B49: 0
A50: Tiempo Aproximado | B50: 40
A51: Coloca el tiempo que usar en la actividad, un tiempo sugerido 30 minutos
A52: Descripcion de la Actividad
A53: Lectura De Clase Para que Pongan en practica la Teoria
A57: Actividad 2 (Optativa puedes hacerla si lo consideras apropiado)
A58: Competencia que predomina en la actividad
A59: Tipo de Actividad
A60: Ponderación
A61: Tiempo Aproximado
A62: Coloca el tiempo que usar en la actividad, un tiempo sugerido 20 minutos
A63: Descripcion de la Actividad
A68: 3. Cierre | G68: Tiempo Aproximado | H68: =B70 -> 15
G69: Tiene que estar en un rango de 10 a 15 minutos
A70: Tiempo Aproximado | B70: 15
A71: Asignacion de Actividades
A72: Tiempo de resolución de dudas
A74: Resuelve alguna duda, asigna las actividades que deben realizar, dudas de proyectos, etc

Sheet S.5
B2: Diseño de la Sesión de Laboratorio
B4: Curso | C4: ='Diseño'!C4 -> 786 - Sistemas Organizacionales y Gerenciales 1
B5: Semana | C5: 5
B6: Tiempo | C6: =H10+H21+H44+H68 -> 115
B7: Ponderación | C7: =B49+B60 -> 0
B8: Validación de Tiempo | C8: =IF(H44<=0, "❌ ERROR: La Actividad 1 debe tener un tiempo mayor a 0.", IF(H21>60, "❌ ERROR: El 'Área de Conocimiento' no puede exceder los 60 min.", IF((H10+H21+H44)<100, "❌ ERROR: El tiempo total debe ser de al menos 100 min.", "✅ VALIDACIÓN CORRECTA"))) -> ✅ VALIDACIÓN CORRECTA
A10: 1. Área Actitudinal (Saber Ser) | G10: Tiempo Aproximado | H10: =B13 -> 5
G11: Tiene que estar en un rango de 3 a 5 minutos
A12: Nombre del Valor | B12: Honestidad
A13: Tiempo Aproximado | B13: 5
A14: Descripcion
A15: Valor: Actuar con verdad y coherencia.
A17: Como se relaciona con los conocimientos de la sesion y se aplicaria
A18: Al actuar de forma honesta se puede integrar a la parte de la cultura organizacional para tomar el ejemplo
A21: 2. Área Conocimiento (Saber) | G21: Tiempo Aproximado | H21: =SUM(D39:H42) -> 55
G22: No puede exceder los 60 minutos
A23: Competencia a desarrollar | B23: contrasta ideas, soluciones y propuestas relacionadas con sistemas de información utilizando herramientas de comunicación efectiva con el fin de facilitar la colaboración y comprensión en la organización
A24: Competencia a desarrollar
A26: 2.1 Contenido
A27: No. | B27: Unidad | D27: Tema | F27: Sub Tema
A28: 1 | B28: =IFERROR(__xludf.DUMMYFUNCTION("FILTER('Diseño'!D:D,'Diseño'!H:H=$C$5)"),1.0) -> 1 | D28: =IFERROR(__xludf.DUMMYFUNCTION("FILTER('Diseño'!E:E,'Diseño'!H:H=$C$5)"),"La gestión del conocimiento") -> La gestión del conocimiento | F28: =IFERROR(__xludf.DUMMYFUNCTION("FILTER('Diseño'!F:F,'Diseño'!H:H=$C$5)"),"Herramientas tecnológicas") -> Herramientas tecnológicas
A29: 2 | B29: =IFERROR(__xludf.DUMMYFUNCTION("""COMPUTED_VALUE"""),1.0) -> 1 | D29: =IFERROR(__xludf.DUMMYFUNCTION("""COMPUTED_VALUE"""),"La gestión del conocimiento") -> La gestión del conocimiento | F29: =IFERROR(__xludf.DUMMYFUNCTION("""COMPUTED_VALUE"""),"Impacto en la organización") -> Impacto en la organización
A30: 3 | B30: =IFERROR(__xludf.DUMMYFUNCTION("""COMPUTED_VALUE"""),1.0) -> 1 | D30: =IFERROR(__xludf.DUMMYFUNCTION("""COMPUTED_VALUE"""),"La gestión del conocimiento") -> La gestión del conocimiento | F30: =IFERROR(__xludf.DUMMYFUNCTION("""COMPUTED_VALUE"""),"Ejemplos de gestión del conocimiento") -> Ejemplos de gestión del conocimiento
A31: 4 | B31: =IFERROR(__xludf.DUMMYFUNCTION("""COMPUTED_VALUE"""),1.0) -> 1 | D31: =IFERROR(__xludf.DUMMYFUNCTION("""COMPUTED_VALUE"""),"La gestión del conocimiento") -> La gestión del conocimiento | F31: =IFERROR(__xludf.DUMMYFUNCTION("""COMPUTED_VALUE"""),"Estudio de caso") -> Estudio de caso
A32: 5 | B32: =IFERROR(__xludf.DUMMYFUNCTION("""COMPUTED_VALUE"""),1.0) -> 1 | D32: =IFERROR(__xludf.DUMMYFUNCTION("""COMPUTED_VALUE"""),"La gestión del conocimiento") -> La gestión del conocimiento | F32: =IFERROR(__xludf.DUMMYFUNCTION("""COMPUTED_VALUE"""),"Futuro de la gestión del conocimiento") -> Futuro de la gestión del conocimiento
A33: 6 | B33: =IFERROR(__xludf.DUMMYFUNCTION("""COMPUTED_VALUE"""),2.0) -> 2 | D33: =IFERROR(__xludf.DUMMYFUNCTION("""COMPUTED_VALUE"""),"Papel estratégico de las TIC") -> Papel estratégico de las TIC | F33: =IFERROR(__xludf.DUMMYFUNCTION("""COMPUTED_VALUE"""),"Definición de TIC") -> Definición de TIC
A34: 7
A36: 2.2 Recursos Educativos
A38: Tipo de Recurso a utilizar | B38: Tipo | C38: Rango Aproximando | D38: Tiempo Aproximado
A39: Presentacion | B39: Obligatorio | C39: 5 a 10 minutos | D39: 10
A40: Video | B40: Obligatorio | C40: 3 a 6 minutos | D40: 5
A41: Lectura | B41: Optativo | C41: 25 minutos | D41: 25
A42: Ejercicio Demostrativo | B42: Obligatorio | C42: 15 minutos | D42: 15
A44: 3. Área de Habilidades (Saber Hacer) | G44: Tiempo Aproximado | H44: =B50 -> 40
G45: Tiene que estar en un rango de 30 a 50 minutos
A46: Actividad 1 (Obligatoria)
A47: Competencia que predomina en la actividad | B47: contrasta ideas, soluciones y propuestas relacionadas con sistemas de información utilizando herramientas de comunicación efectiva con el fin de facilitar la colaboración y comprensión en la organización
A48: Tipo de Actividad | B48: otros
A49: Ponderación | B49: 0
A50: Tiempo Aproximado | B50: 40
A51: Coloca el tiempo que usar en la actividad, un tiempo sugerido 30 minutos
A52: Descripcion de la Actividad
A53: Lectura De Clase Para que Pongan en practica la Teoria
A57: Actividad 2 (Optativa puedes hacerla si lo consideras apropiado)
A58: Competencia que predomina en la actividad
A59: Tipo de Actividad
A60: Ponderación
A61: Tiempo Aproximado
A62: Coloca el tiempo que usar en la actividad, un tiempo sugerido 20 minutos
A63: Descripcion de la Actividad
A68: 3. Cierre | G68: Tiempo Aproximado | H68: =B70 -> 15
G69: Tiene que estar en un rango de 10 a 15 minutos
A70: Tiempo Aproximado | B70: 15
A71: Asignacion de Actividades
A72: Tiempo de resolución de dudas
A74: Resuelve alguna duda, asigna las actividades que deben realizar, dudas de proyectos, etc

Sheet S.6
B2: Diseño de la Sesión de Laboratorio
B4: Curso | C4: ='Diseño'!C4 -> 786 - Sistemas Organizacionales y Gerenciales 1
B5: Semana | C5: 6
B6: Tiempo | C6: =H10+H21+H44+H68 -> 115
B7: Ponderación | C7: =B49+B60 -> 0
B8: Validación de Tiempo | C8: =IF(H44<=0, "❌ ERROR: La Actividad 1 debe tener un tiempo mayor a 0.", IF(H21>60, "❌ ERROR: El 'Área de Conocimiento' no puede exceder los 60 min.", IF((H10+H21+H44)<100, "❌ ERROR: El tiempo total debe ser de al menos 100 min.", "✅ VALIDACIÓN CORRECTA"))) -> ✅ VALIDACIÓN CORRECTA
A10: 1. Área Actitudinal (Saber Ser) | G10: Tiempo Aproximado | H10: =B13 -> 5
G11: Tiene que estar en un rango de 3 a 5 minutos
A12: Nombre del Valor | B12: Innovación
A13: Tiempo Aproximado | B13: 5
A14: Descripcion
A15: Fomentar la capacidad de adaptarse a los cambios tecnológicos y proponer soluciones creativas en un entorno empresarial global.
A17: Como se relaciona con los conocimientos de la sesion y se aplicaria
A18: Mejorar las ideas de los estudiantes y los temas revolucion en el mercado
A21: 2. Área Conocimiento (Saber) | G21: Tiempo Aproximado | H21: =SUM(D39:H42) -> 55
G22: No puede exceder los 60 minutos
A23: Competencia a desarrollar | B23: moviliza habilidades de pensamiento crítico y resolución de problemas utilizando estudios de caso empresariales con el fin de fortalecer la toma de decisiones en entornos organizacionales
A24: Competencia a desarrollar | B24: implementa sistemas de información organizacionales utilizando tecnologías de información y comunicación con el fin de apoyar la transformación digital y la toma de decisiones estratégicas en la empresa
A26: 2.1 Contenido
A27: No. | B27: Unidad | D27: Tema | F27: Sub Tema
A28: 1 | B28: =IFERROR(__xludf.DUMMYFUNCTION("FILTER('Diseño'!D:D,'Diseño'!H:H=$C$5)"),2.0) -> 2 | D28: =IFERROR(__xludf.DUMMYFUNCTION("FILTER('Diseño'!E:E,'Diseño'!H:H=$C$5)"),"Papel estratégico de las TIC") -> Papel estratégico de las TIC | F28: =IFERROR(__xludf.DUMMYFUNCTION("FILTER('Diseño'!F:F,'Diseño'!H:H=$C$5)"),"Historia de las TIC") -> Historia de las TIC
A29: 2 | B29: =IFERROR(__xludf.DUMMYFUNCTION("""COMPUTED_VALUE"""),2.0) -> 2 | D29: =IFERROR(__xludf.DUMMYFUNCTION("""COMPUTED_VALUE"""),"Papel estratégico de las TIC") -> Papel estratégico de las TIC | F29: =IFERROR(__xludf.DUMMYFUNCTION("""COMPUTED_VALUE"""),"Tipos de TIC") -> Tipos de TIC
A30: 3 | B30: =IFERROR(__xludf.DUMMYFUNCTION("""COMPUTED_VALUE"""),2.0) -> 2 | D30: =IFERROR(__xludf.DUMMYFUNCTION("""COMPUTED_VALUE"""),"Papel estratégico de las TIC") -> Papel estratégico de las TIC | F30: =IFERROR(__xludf.DUMMYFUNCTION("""COMPUTED_VALUE"""),"Importancia en la empresa") -> Importancia en la empresa
A31: 4 | B31: =IFERROR(__xludf.DUMMYFUNCTION("""COMPUTED_VALUE"""),2.0) -> 2 | D31: =IFERROR(__xludf.DUMMYFUNCTION("""COMPUTED_VALUE"""),"Papel estratégico de las TIC") -> Papel estratégico de las TIC | F31: =IFERROR(__xludf.DUMMYFUNCTION("""COMPUTED_VALUE"""),"Desafíos actuales") -> Desafíos actuales
A32: 5 | B32: =IFERROR(__xludf.DUMMYFUNCTION("""COMPUTED_VALUE"""),2.0) -> 2 | D32: =IFERROR(__xludf.DUMMYFUNCTION("""COMPUTED_VALUE"""),"Papel estratégico de las TIC") -> Papel estratégico de las TIC | F32: =IFERROR(__xludf.DUMMYFUNCTION("""COMPUTED_VALUE"""),"Ejemplos de uso de TIC en empresas") -> Ejemplos de uso de TIC en empresas
A33: 6 | B33: =IFERROR(__xludf.DUMMYFUNCTION("""COMPUTED_VALUE"""),2.0) -> 2 | D33: =IFERROR(__xludf.DUMMYFUNCTION("""COMPUTED_VALUE"""),"Papel estratégico de las TIC") -> Papel estratégico de las TIC | F33: =IFERROR(__xludf.DUMMYFUNCTION("""COMPUTED_VALUE"""),"Futuro de las TIC") -> Futuro de las TIC
A34: 7 | B34: =IFERROR(__xludf.DUMMYFUNCTION("""COMPUTED_VALUE"""),2.0) -> 2 | D34: =IFERROR(__xludf.DUMMYFUNCTION("""COMPUTED_VALUE"""),"Sistemas de información en negocios globales") -> Sistemas de información en negocios globales | F34: =IFERROR(__xludf.DUMMYFUNCTION("""COMPUTED_VALUE"""),"Definición de sistemas en negocios globales") -> Definición de sistemas en negocios globales
A36: 2.2 Recursos Educativos
A38: Tipo de Recurso a utilizar | B38: Tipo | C38: Rango Aproximando | D38: Tiempo Aproximado
A39: Presentacion | B39: Obligatorio | C39: 5 a 10 minutos | D39: 10
A40: Video | B40: Obligatorio | C40: 3 a 6 minutos | D40: 5
A41: Lectura | B41: Optativo | C41: 25 minutos | D41: 25
A42: Ejercicio Demostrativo | B42: Obligatorio | C42: 15 minutos | D42: 15
A44: 3. Área de Habilidades (Saber Hacer) | G44: Tiempo Aproximado | H44: =B50 -> 40
G45: Tiene que estar en un rango de 30 a 50 minutos
A46: Actividad 1 (Obligatoria)
A47: Competencia que predomina en la actividad | B47: implementa sistemas de información organizacionales utilizando tecnologías de información y comunicación con el fin de apoyar la transformación digital y la toma de decisiones estratégicas en la empresa
A48: Tipo de Actividad | B48: Cuestionario
A49: Ponderación | B49: 0
A50: Tiempo Aproximado | B50: 40
A51: Coloca el tiempo que usar en la actividad, un tiempo sugerido 30 minutos
A52: Descripcion de la Actividad
A53: Cuestionario de la clase
A57: Actividad 2 (Optativa puedes hacerla si lo consideras apropiado)
A58: Competencia que predomina en la actividad
A59: Tipo de Actividad
A60: Ponderación
A61: Tiempo Aproximado
A62: Coloca el tiempo que usar en la actividad, un tiempo sugerido 20 minutos
A63: Descripcion de la Actividad
A68: 3. Cierre | G68: Tiempo Aproximado | H68: =B70 -> 15
G69: Tiene que estar en un rango de 10 a 15 minutos
A70: Tiempo Aproximado | B70: 15
A71: Asignacion de Actividades
A72: responder dudas
A74: Resuelve alguna duda, asigna las actividades que deben realizar, dudas de proyectos, etc

Sheet S.7
B2: Diseño de la Sesión de Laboratorio
B4: Curso | C4: ='Diseño'!C4 -> 786 - Sistemas Organizacionales y Gerenciales 1
B5: Semana | C5: 7
B6: Tiempo | C6: =H10+H21+H44+H68 -> 105
B7: Ponderación | C7: =B49+B60 -> 0
B8: Validación de Tiempo | C8: =IF(H44<=0, "❌ ERROR: La Actividad 1 debe tener un tiempo mayor a 0.", IF(H21>60, "❌ ERROR: El 'Área de Conocimiento' no puede exceder los 60 min.", IF((H10+H21+H44+H68)<100, "❌ ERROR: El tiempo total debe ser de al menos 100 min.", "✅ VALIDACIÓN CORRECTA"))) -> ✅ VALIDACIÓN CORRECTA
A10: 1. Área Actitudinal (Saber Ser) | G10: Tiempo Aproximado | H10: =B13 -> 5
G11: Tiene que estar en un rango de 3 a 5 minutos
A12: Nombre del Valor | B12: Responsabilidad
A13: Tiempo Aproximado | B13: 5
A14: Descripcion
A15: Promover la responsabilidad como valor clave al participar en entornos digitales y colaborativos, asumiendo compromisos éticos, profesionales y sociales al implementar o usar tecnologías en los negocios.
A17: Como se relaciona con los conocimientos de la sesion y se aplicaria
A18: se relaciona con los conocimientos de la sesión al implicar un compromiso ético en el diseño, implementación y uso de sistemas TIC. Se aplica al asegurar que los profesionales tomen decisiones informadas y conscientes sobre el impacto de los ERP, SCM, CRM y otros sistemas en la sociedad.
A21: 2. Área Conocimiento (Saber) | G21: Tiempo Aproximado | H21: =SUM(D39:H42) -> 60
G22: No puede exceder los 60 minutos
A23: Competencia a desarrollar | B23: moviliza habilidades de pensamiento crítico y resolución de problemas utilizando estudios de caso empresariales con el fin de fortalecer la toma de decisiones en entornos organizacionales
A24: Competencia a desarrollar | B24: diseña soluciones de sistemas de información geográfica (GIS) y de inteligencia de negocios (BI) utilizando software especializado con el fin de optimizar la visualización y análisis de datos estratégicos
A26: 2.1 Contenido
A27: No. | B27: Unidad | D27: Tema | F27: Sub Tema
A28: 1 | B28: =IFERROR(__xludf.DUMMYFUNCTION("FILTER('Diseño'!D:D,'Diseño'!H:H=$C$5)"),2.0) -> 2 | D28: =IFERROR(__xludf.DUMMYFUNCTION("FILTER('Diseño'!E:E,'Diseño'!H:H=$C$5)"),"Sistemas de información en negocios globales") -> Sistemas de información en negocios globales | F28: =IFERROR(__xludf.DUMMYFUNCTION("FILTER('Diseño'!F:F,'Diseño'!H:H=$C$5)"),"Impacto en la globalización") -> Impacto en la globalización
A29: 2 | B29: =IFERROR(__xludf.DUMMYFUNCTION("""COMPUTED_VALUE"""),2.0) -> 2 | D29: =IFERROR(__xludf.DUMMYFUNCTION("""COMPUTED_VALUE"""),"Sistemas de información en negocios globales") -> Sistemas de información en negocios globales | F29: =IFERROR(__xludf.DUMMYFUNCTION("""COMPUTED_VALUE"""),"Ejemplos de implementación") -> Ejemplos de implementación
A30: 3 | B30: =IFERROR(__xludf.DUMMYFUNCTION("""COMPUTED_VALUE"""),2.0) -> 2 | D30: =IFERROR(__xludf.DUMMYFUNCTION("""COMPUTED_VALUE"""),"Sistemas de información en negocios globales") -> Sistemas de información en negocios globales | F30: =IFERROR(__xludf.DUMMYFUNCTION("""COMPUTED_VALUE"""),"Desafíos en la integración") -> Desafíos en la integración
A31: 4 | B31: =IFERROR(__xludf.DUMMYFUNCTION("""COMPUTED_VALUE"""),2.0) -> 2 | D31: =IFERROR(__xludf.DUMMYFUNCTION("""COMPUTED_VALUE"""),"Sistemas de información en negocios globales") -> Sistemas de información en negocios globales | F31: =IFERROR(__xludf.DUMMYFUNCTION("""COMPUTED_VALUE"""),"Herramientas tecnológicas") -> Herramientas tecnológicas
A32: 5 | B32: =IFERROR(__xludf.DUMMYFUNCTION("""COMPUTED_VALUE"""),2.0) -> 2 | D32: =IFERROR(__xludf.DUMMYFUNCTION("""COMPUTED_VALUE"""),"Sistemas de información en negocios globales") -> Sistemas de información en negocios globales | F32: =IFERROR(__xludf.DUMMYFUNCTION("""COMPUTED_VALUE"""),"Impacto en la cultura empresarial") -> Impacto en la cultura empresarial
A33: 6 | B33: =IFERROR(__xludf.DUMMYFUNCTION("""COMPUTED_VALUE"""),2.0) -> 2 | D33: =IFERROR(__xludf.DUMMYFUNCTION("""COMPUTED_VALUE"""),"Sistemas de información en negocios globales") -> Sistemas de información en negocios globales | F33: =IFERROR(__xludf.DUMMYFUNCTION("""COMPUTED_VALUE"""),"Futuro de los negocios globales") -> Futuro de los negocios globales
A34: 7 | B34: =IFERROR(__xludf.DUMMYFUNCTION("""COMPUTED_VALUE"""),2.0) -> 2 | D34: =IFERROR(__xludf.DUMMYFUNCTION("""COMPUTED_VALUE"""),"Global e-business y colaboración") -> Global e-business y colaboración | F34: =IFERROR(__xludf.DUMMYFUNCTION("""COMPUTED_VALUE"""),"Definición de e-business") -> Definición de e-business
A36: 2.2 Recursos Educativos
A38: Tipo de Recurso a utilizar | B38: Tipo | C38: Rango Aproximando | D38: Tiempo Aproximado
A39: Presentacion | B39: Obligatorio | C39: 10 a 15 | D39: 15
A40: Video | B40: Obligatorio | C40: 10 a 15 | D40: 15
A41: Lectura | B41: Optativo | C41: 10 a 15 | D41: 15
A42: Ejercicio Demostrativo | B42: Obligatorio | C42: 10 a 15 | D42: 15
A44: 3. Área de Habilidades (Saber Hacer) | G44: Tiempo Aproximado | H44: =B50 -> 30
G45: Tiene que estar en un rango de 30 a 50 minutos
A46: Actividad 1 (Obligatoria)
A47: Competencia que predomina en la actividad | B47: diseña soluciones de sistemas de información geográfica (GIS) y de inteligencia de negocios (BI) utilizando software especializado con el fin de optimizar la visualización y análisis de datos estratégicos
A48: Tipo de Actividad | B48: Cuestionario
A49: Ponderación | B49: 0
A50: Tiempo Aproximado | B50: 30
A51: Coloca el tiempo que usar en la actividad, un tiempo sugerido 30 minutos
A52: Descripcion de la Actividad
A53: Cuestionario sobre la clase
A57: Actividad 2 (Optativa puedes hacerla si lo consideras apropiado)
A58: Competencia que predomina en la actividad
A59: Tipo de Actividad
A60: Ponderación
A61: Tiempo Aproximado
A62: Coloca el tiempo que usar en la actividad, un tiempo sugerido 20 minutos
A63: Descripcion de la Actividad
A68: 3. Cierre | G68: Tiempo Aproximado | H68: =B70 -> 10
G69: Tiene que estar en un rango de 10 a 15 minutos
A70: Tiempo Aproximado | B70: 10
A71: Asignacion de Actividades
A72: Responder dudas
A74: Resuelve alguna duda, asigna las actividades que deben realizar, dudas de proyectos, etc

Sheet S.8
B2: Diseño de la Sesión de Laboratorio
B4: Curso | C4: ='Diseño'!C4 -> 786 - Sistemas Organizacionales y Gerenciales 1
B5: Semana | C5: 8
B6: Tiempo | C6: =H10+H21+H44+H68 -> 105
B7: Ponderación | C7: =B49+B60 -> 0
B8: Validación de Tiempo | C8: =IF(H44<=0, "❌ ERROR: La Actividad 1 debe tener un tiempo mayor a 0.", IF(H21>60, "❌ ERROR: El 'Área de Conocimiento' no puede exceder los 60 min.", IF((H10+H21+H44+H68)<100, "❌ ERROR: El tiempo total debe ser de al menos 100 min.", "✅ VALIDACIÓN CORRECTA"))) -> ✅ VALIDACIÓN CORRECTA
A10: 1. Área Actitudinal (Saber Ser) | G10: Tiempo Aproximado | H10: =B13 -> 5
G11: Tiene que estar en un rango de 3 a 5 minutos
A12: Nombre del Valor | B12: Integriadad
A13: Tiempo Aproximado | B13: 5
A14: Descripcion
A15: Fomentar la integridad como principio clave en el uso, diseño e implementación de tecnologías, promoviendo la honestidad, la ética profesional y la coherencia entre valores y acciones en el ámbito digital.
A17: Como se relaciona con los conocimientos de la sesion y se aplicaria
A18: se relaciona con los conocimientos de la sesión al destacar la importancia de mantener la coherencia y confiabilidad de los datos y procesos en la integración de sistemas. Se aplica garantizando que las soluciones integradas funcionen de manera transparente, segura y sin comprometer la veracidad de la información.
A21: 2. Área Conocimiento (Saber) | G21: Tiempo Aproximado | H21: =SUM(D39:H42) -> 60
G22: No puede exceder los 60 minutos
A23: Competencia a desarrollar | B23: revisa la evolución de los sistemas de información en la empresa mediante el análisis de casos históricos y actuales con el fin de identificar tendencias y áreas de mejora
A24: Competencia a desarrollar | B24: diseña soluciones de sistemas de información geográfica (GIS) y de inteligencia de negocios (BI) utilizando software especializado con el fin de optimizar la visualización y análisis de datos estratégicos
A26: 2.1 Contenido
A27: No. | B27: Unidad | D27: Tema | F27: Sub Tema
A28: 1 | B28: =IFERROR(__xludf.DUMMYFUNCTION("FILTER('Diseño'!D:D,'Diseño'!H:H=$C$5)"),2.0) -> 2 | D28: =IFERROR(__xludf.DUMMYFUNCTION("FILTER('Diseño'!E:E,'Diseño'!H:H=$C$5)"),"Global e-business y colaboración") -> Global e-business y colaboración | F28: =IFERROR(__xludf.DUMMYFUNCTION("FILTER('Diseño'!F:F,'Diseño'!H:H=$C$5)"),"Estrategias de colaboración") -> Estrategias de colaboración
A29: 2 | B29: =IFERROR(__xludf.DUMMYFUNCTION("""COMPUTED_VALUE"""),2.0) -> 2 | D29: =IFERROR(__xludf.DUMMYFUNCTION("""COMPUTED_VALUE"""),"Global e-business y colaboración") -> Global e-business y colaboración | F29: =IFERROR(__xludf.DUMMYFUNCTION("""COMPUTED_VALUE"""),"Ejemplos de e-business") -> Ejemplos de e-business
A30: 3 | B30: =IFERROR(__xludf.DUMMYFUNCTION("""COMPUTED_VALUE"""),2.0) -> 2 | D30: =IFERROR(__xludf.DUMMYFUNCTION("""COMPUTED_VALUE"""),"Global e-business y colaboración") -> Global e-business y colaboración | F30: =IFERROR(__xludf.DUMMYFUNCTION("""COMPUTED_VALUE"""),"Herramientas para e-business") -> Herramientas para e-business
A31: 4 | B31: =IFERROR(__xludf.DUMMYFUNCTION("""COMPUTED_VALUE"""),2.0) -> 2 | D31: =IFERROR(__xludf.DUMMYFUNCTION("""COMPUTED_VALUE"""),"Global e-business y colaboración") -> Global e-business y colaboración | F31: =IFERROR(__xludf.DUMMYFUNCTION("""COMPUTED_VALUE"""),"Casos de éxito") -> Casos de éxito
A32: 5 | B32: =IFERROR(__xludf.DUMMYFUNCTION("""COMPUTED_VALUE"""),2.0) -> 2 | D32: =IFERROR(__xludf.DUMMYFUNCTION("""COMPUTED_VALUE"""),"Global e-business y colaboración") -> Global e-business y colaboración | F32: =IFERROR(__xludf.DUMMYFUNCTION("""COMPUTED_VALUE"""),"Desafíos en e-business") -> Desafíos en e-business
A33: 6 | B33: =IFERROR(__xludf.DUMMYFUNCTION("""COMPUTED_VALUE"""),2.0) -> 2 | D33: =IFERROR(__xludf.DUMMYFUNCTION("""COMPUTED_VALUE"""),"Global e-business y colaboración") -> Global e-business y colaboración | F33: =IFERROR(__xludf.DUMMYFUNCTION("""COMPUTED_VALUE"""),"Futuro del e-business") -> Futuro del e-business
A34: 7 | B34: =IFERROR(__xludf.DUMMYFUNCTION("""COMPUTED_VALUE"""),2.0) -> 2 | D34: =IFERROR(__xludf.DUMMYFUNCTION("""COMPUTED_VALUE"""),"Problemas éticos y sociales en sistemas") -> Problemas éticos y sociales en sistemas | F34: =IFERROR(__xludf.DUMMYFUNCTION("""COMPUTED_VALUE"""),"Definición de problemas éticos") -> Definición de problemas éticos
A36: 2.2 Recursos Educativos
A38: Tipo de Recurso a utilizar | B38: Tipo | C38: Rango Aproximando | D38: Tiempo Aproximado
A39: Presentacion | B39: Obligatorio | C39: 10 a 15 | D39: 15
A40: Video | B40: Obligatorio | C40: 10 a 15 | D40: 15
A41: Lectura | B41: Optativo | C41: 10 a 15 | D41: 15
A42: Ejercicio Demostrativo | B42: Obligatorio | C42: 10 a 15 | D42: 15
A44: 3. Área de Habilidades (Saber Hacer) | G44: Tiempo Aproximado | H44: =B50 -> 30
G45: Tiene que estar en un rango de 30 a 50 minutos
A46: Actividad 1 (Obligatoria)
A47: Competencia que predomina en la actividad | B47: moviliza habilidades de pensamiento crítico y resolución de problemas utilizando estudios de caso empresariales con el fin de fortalecer la toma de decisiones en entornos organizacionales
A48: Tipo de Actividad | B48: Cuestionario
A49: Ponderación | B49: 0
A50: Tiempo Aproximado | B50: 30
A51: Coloca el tiempo que usar en la actividad, un tiempo sugerido 30 minutos
A52: Descripcion de la Actividad
A53: cuestionario sobre la clase
A57: Actividad 2 (Optativa puedes hacerla si lo consideras apropiado)
A58: Competencia que predomina en la actividad
A59: Tipo de Actividad
A60: Ponderación
A61: Tiempo Aproximado
A62: Coloca el tiempo que usar en la actividad, un tiempo sugerido 20 minutos
A63: Descripcion de la Actividad
A68: 3. Cierre | G68: Tiempo Aproximado | H68: =B70 -> 10
G69: Tiene que estar en un rango de 10 a 15 minutos
A70: Tiempo Aproximado | B70: 10
A71: Asignacion de Actividades
A72: Resolucion de dudad proyecto
A74: Resuelve alguna duda, asigna las actividades que deben realizar, dudas de proyectos, etc

Sheet S.9
B2: Diseño de la Sesión de Laboratorio
B4: Curso | C4: ='Diseño'!C4 -> 786 - Sistemas Organizacionales y Gerenciales 1
B5: Semana | C5: 9
B6: Tiempo | C6: =H10+H21+H44+H68 -> 105
B7: Ponderación | C7: =B49+B60 -> 0
B8: Validación de Tiempo | C8: =IF(H44<=0, "❌ ERROR: La Actividad 1 debe tener un tiempo mayor a 0.", IF(H21>60, "❌ ERROR: El 'Área de Conocimiento' no puede exceder los 60 min.", IF((H10+H21+H44+H68)<100, "❌ ERROR: El tiempo total debe ser de al menos 100 min.", "✅ VALIDACIÓN CORRECTA"))) -> ✅ VALIDACIÓN CORRECTA
A10: 1. Área Actitudinal (Saber Ser) | G10: Tiempo Aproximado | H10: =B13 -> 5
G11: Tiene que estar en un rango de 3 a 5 minutos
A12: Nombre del Valor | B12: Eficiencia
A13: Tiempo Aproximado | B13: 5
A14: Descripcion
A15: Promover la eficiencia como valor esencial al diseñar, integrar y utilizar sistemas de información, buscando siempre optimizar recursos, procesos y resultados dentro de una organización
A17: Como se relaciona con los conocimientos de la sesion y se aplicaria
A18: Eficiencia se relaciona con los conocimientos de la sesión al enfocarse en cómo una buena arquitectura de sistemas y una gestión adecuada del ciclo de vida optimizan recursos y procesos. Se aplica al diseñar sistemas que mejoren el rendimiento organizacional con menor esfuerzo y mayor efectividad.
A21: 2. Área Conocimiento (Saber) | G21: Tiempo Aproximado | H21: =SUM(D39:H42) -> 60
G22: No puede exceder los 60 minutos
A23: Competencia a desarrollar | B23: revisa la evolución de los sistemas de información en la empresa mediante el análisis de casos históricos y actuales con el fin de identificar tendencias y áreas de mejora
A24: Competencia a desarrollar | B24: combina técnicas de trabajo en equipo y colaboración interdisciplinaria empleando metodologías ágiles de gestión de proyectos con el fin de fomentar la innovación y eficiencia organizacional
A26: 2.1 Contenido
A27: No. | B27: Unidad | D27: Tema | F27: Sub Tema
A28: 1 | B28: =IFERROR(__xludf.DUMMYFUNCTION("FILTER('Diseño'!D:D,'Diseño'!H:H=$C$5)"),2.0) -> 2 | D28: =IFERROR(__xludf.DUMMYFUNCTION("FILTER('Diseño'!E:E,'Diseño'!H:H=$C$5)"),"Problemas éticos y sociales en sistemas") -> Problemas éticos y sociales en sistemas | F28: =IFERROR(__xludf.DUMMYFUNCTION("FILTER('Diseño'!F:F,'Diseño'!H:H=$C$5)"),"Ejemplos de problemas éticos") -> Ejemplos de problemas éticos
A29: 2 | B29: =IFERROR(__xludf.DUMMYFUNCTION("""COMPUTED_VALUE"""),2.0) -> 2 | D29: =IFERROR(__xludf.DUMMYFUNCTION("""COMPUTED_VALUE"""),"Problemas éticos y sociales en sistemas") -> Problemas éticos y sociales en sistemas | F29: =IFERROR(__xludf.DUMMYFUNCTION("""COMPUTED_VALUE"""),"Impacto social de las TIC") -> Impacto social de las TIC
A30: 3 | B30: =IFERROR(__xludf.DUMMYFUNCTION("""COMPUTED_VALUE"""),2.0) -> 2 | D30: =IFERROR(__xludf.DUMMYFUNCTION("""COMPUTED_VALUE"""),"Problemas éticos y sociales en sistemas") -> Problemas éticos y sociales en sistemas | F30: =IFERROR(__xludf.DUMMYFUNCTION("""COMPUTED_VALUE"""),"Casos de estudio") -> Casos de estudio
A31: 4 | B31: =IFERROR(__xludf.DUMMYFUNCTION("""COMPUTED_VALUE"""),2.0) -> 2 | D31: =IFERROR(__xludf.DUMMYFUNCTION("""COMPUTED_VALUE"""),"Problemas éticos y sociales en sistemas") -> Problemas éticos y sociales en sistemas | F31: =IFERROR(__xludf.DUMMYFUNCTION("""COMPUTED_VALUE"""),"Desafíos éticos en la implementación") -> Desafíos éticos en la implementación
A32: 5 | B32: =IFERROR(__xludf.DUMMYFUNCTION("""COMPUTED_VALUE"""),2.0) -> 2 | D32: =IFERROR(__xludf.DUMMYFUNCTION("""COMPUTED_VALUE"""),"Problemas éticos y sociales en sistemas") -> Problemas éticos y sociales en sistemas | F32: =IFERROR(__xludf.DUMMYFUNCTION("""COMPUTED_VALUE"""),"Futuro de la ética en TIC") -> Futuro de la ética en TIC
A33: 6 | B33: =IFERROR(__xludf.DUMMYFUNCTION("""COMPUTED_VALUE"""),2.0) -> 2 | D33: =IFERROR(__xludf.DUMMYFUNCTION("""COMPUTED_VALUE"""),"Problemas éticos y sociales en sistemas") -> Problemas éticos y sociales en sistemas | F33: =IFERROR(__xludf.DUMMYFUNCTION("""COMPUTED_VALUE"""),"Conclusiones sobre problemas éticos") -> Conclusiones sobre problemas éticos
A34: 7 | B34: =IFERROR(__xludf.DUMMYFUNCTION("""COMPUTED_VALUE"""),3.0) -> 3 | D34: =IFERROR(__xludf.DUMMYFUNCTION("""COMPUTED_VALUE"""),"Clases de sistemas de información") -> Clases de sistemas de información | F34: =IFERROR(__xludf.DUMMYFUNCTION("""COMPUTED_VALUE"""),"Sistemas funcionales") -> Sistemas funcionales
B35: =IFERROR(__xludf.DUMMYFUNCTION("""COMPUTED_VALUE"""),3.0) -> 3 | D35: =IFERROR(__xludf.DUMMYFUNCTION("""COMPUTED_VALUE"""),"Clases de sistemas de información") -> Clases de sistemas de información | F35: =IFERROR(__xludf.DUMMYFUNCTION("""COMPUTED_VALUE"""),"ERP") -> ERP
A36: 2.2 Recursos Educativos
A38: Tipo de Recurso a utilizar | B38: Tipo | C38: Rango Aproximando | D38: Tiempo Aproximado
A39: Presentacion | B39: Obligatorio | C39: 10 a 15 | D39: 15
A40: Video | B40: Obligatorio | C40: 10 a 15 | D40: 15
A41: Lectura | B41: Optativo | C41: 10 a 15 | D41: 15
A42: Ejercicio Demostrativo | B42: Obligatorio | C42: 10 a 15 | D42: 15
A44: 3. Área de Habilidades (Saber Hacer) | G44: Tiempo Aproximado | H44: =B50 -> 30
G45: Tiene que estar en un rango de 30 a 50 minutos
A46: Actividad 1 (Obligatoria)
A47: Competencia que predomina en la actividad | B47: implementa sistemas de información organizacionales utilizando tecnologías de información y comunicación con el fin de apoyar la transformación digital y la toma de decisiones estratégicas en la empresa
A48: Tipo de Actividad | B48: Cuestionario
A49: Ponderación | B49: 0
A50: Tiempo Aproximado | B50: 30
A51: Coloca el tiempo que usar en la actividad, un tiempo sugerido 30 minutos
A52: Descripcion de la Actividad
A53: Cuestionario sobre la clase
A57: Actividad 2 (Optativa puedes hacerla si lo consideras apropiado)
A58: Competencia que predomina en la actividad
A59: Tipo de Actividad
A60: Ponderación
A61: Tiempo Aproximado
A62: Coloca el tiempo que usar en la actividad, un tiempo sugerido 20 minutos
A63: Descripcion de la Actividad
A68: 3. Cierre | G68: Tiempo Aproximado | H68: =B70 -> 10
G69: Tiene que estar en un rango de 10 a 15 minutos
A70: Tiempo Aproximado | B70: 10
A71: Asignacion de Actividades
A72: Responder dudas sobre la clase o proyecto
A74: Resuelve alguna duda, asigna las actividades que deben realizar, dudas de proyectos, etc

Sheet S.10
B2: Diseño de la Sesión de Laboratorio
B4: Curso | C4: ='Diseño'!C4 -> 786 - Sistemas Organizacionales y Gerenciales 1
B5: Semana | C5: 10
B6: Tiempo | C6: =H10+H21+H44+H68 -> 105
B7: Ponderación | C7: =B49+B60 -> 0
B8: Validación de Tiempo | C8: =IF(H44<=0, "❌ ERROR: La Actividad 1 debe tener un tiempo mayor a 0.", IF(H21>60, "❌ ERROR: El 'Área de Conocimiento' no puede exceder los 60 min.", IF((H10+H21+H44+H68)<100, "❌ ERROR: El tiempo total debe ser de al menos 100 min.", "✅ VALIDACIÓN CORRECTA"))) -> ✅ VALIDACIÓN CORRECTA
A10: 1. Área Actitudinal (Saber Ser) | G10: Tiempo Aproximado | H10: =B13 -> 5
G11: Tiene que estar en un rango de 3 a 5 minutos
A12: Nombre del Valor | B12: Planificación
A13: Tiempo Aproximado | B13: 5
A14: Descripcion
A15: Fomentar la planificación como valor clave para desarrollar, mantener y evolucionar sistemas de información de forma ordenada, sostenible y alineada con los objetivos de la organización.
A17: Como se relaciona con los conocimientos de la sesion y se aplicaria
A18: Se relaciona al aplicar el ciclo de vida en la planificación y aprovechar el e-learning como apoyo en los procesos educativos y tecnológicos.
A21: 2. Área Conocimiento (Saber) | G21: Tiempo Aproximado | H21: =SUM(D39:H42) -> 60
G22: No puede exceder los 60 minutos
A23: Competencia a desarrollar | B23: revisa la evolución de los sistemas de información en la empresa mediante el análisis de casos históricos y actuales con el fin de identificar tendencias y áreas de mejora
A24: Competencia a desarrollar | B24: moviliza habilidades de pensamiento crítico y resolución de problemas utilizando estudios de caso empresariales con el fin de fortalecer la toma de decisiones en entornos organizacionales
A26: 2.1 Contenido
A27: No. | B27: Unidad | D27: Tema | F27: Sub Tema
A28: 1 | B28: =IFERROR(__xludf.DUMMYFUNCTION("FILTER('Diseño'!D:D,'Diseño'!H:H=$C$5)"),"#REF!") -> #REF! | D28: =IFERROR(__xludf.DUMMYFUNCTION("FILTER('Diseño'!E:E,'Diseño'!H:H=$C$5)"),"#REF!") -> #REF! | F28: =IFERROR(__xludf.DUMMYFUNCTION("FILTER('Diseño'!F:F,'Diseño'!H:H=$C$5)"),"SCM") -> SCM
A29: 2 | F29: =IFERROR(__xludf.DUMMYFUNCTION("""COMPUTED_VALUE"""),"CRM") -> CRM
A30: 3 | F30: =IFERROR(__xludf.DUMMYFUNCTION("""COMPUTED_VALUE"""),"Sistemas distribuidos") -> Sistemas distribuidos
A31: 4 | F31: =IFERROR(__xludf.DUMMYFUNCTION("""COMPUTED_VALUE"""),"GIS") -> GIS
A32: 5 | F32: =IFERROR(__xludf.DUMMYFUNCTION("""COMPUTED_VALUE"""),"Conclusiones sobre clases de sistemas") -> Conclusiones sobre clases de sistemas
A33: 6 | F33: =IFERROR(__xludf.DUMMYFUNCTION("""COMPUTED_VALUE"""),"Definición de integración") -> Definición de integración
A34: 7 | F34: =IFERROR(__xludf.DUMMYFUNCTION("""COMPUTED_VALUE"""),"Beneficios de la integración") -> Beneficios de la integración
F35: =IFERROR(__xludf.DUMMYFUNCTION("""COMPUTED_VALUE"""),"Ejemplos de integración") -> Ejemplos de integración
A36: 2.2 Recursos Educativos | F36: =IFERROR(__xludf.DUMMYFUNCTION("""COMPUTED_VALUE"""),"Herramientas de integración") -> Herramientas de integración
F37: =IFERROR(__xludf.DUMMYFUNCTION("""COMPUTED_VALUE"""),"Desafíos en la integración") -> Desafíos en la integración
A38: Tipo de Recurso a utilizar | B38: Tipo | C38: Rango Aproximando | D38: Tiempo Aproximado
A39: Presentacion | B39: Obligatorio | C39: 10 a 15 | D39: 15
A40: Video | B40: Obligatorio | C40: 10 a 15 | D40: 15
A41: Lectura | B41: Optativo | C41: 10 a 15 | D41: 15
A42: Ejercicio Demostrativo | B42: Obligatorio | C42: 10 a 15 | D42: 15
A44: 3. Área de Habilidades (Saber Hacer) | G44: Tiempo Aproximado | H44: =B50 -> 30
G45: Tiene que estar en un rango de 30 a 50 minutos
A46: Actividad 1 (Obligatoria)
A47: Competencia que predomina en la actividad | B47: revisa la evolución de los sistemas de información en la empresa mediante el análisis de casos históricos y actuales con el fin de identificar tendencias y áreas de mejora
A48: Tipo de Actividad | B48: Cuestionario
A49: Ponderación | B49: 0
A50: Tiempo Aproximado | B50: 30
A51: Coloca el tiempo que usar en la actividad, un tiempo sugerido 30 minutos
A52: Descripcion de la Actividad
A53: Cuestionario sobre la clase
A57: Actividad 2 (Optativa puedes hacerla si lo consideras apropiado)
A58: Competencia que predomina en la actividad
A59: Tipo de Actividad
A60: Ponderación
A61: Tiempo Aproximado
A62: Coloca el tiempo que usar en la actividad, un tiempo sugerido 20 minutos
A63: Descripcion de la Actividad
A68: 3. Cierre | G68: Tiempo Aproximado | H68: =B70 -> 10
G69: Tiene que estar en un rango de 10 a 15 minutos
A70: Tiempo Aproximado | B70: 10
A71: Asignacion de Actividades
A72: Resolver dudas de proyecto
A74: Resuelve alguna duda, asigna las actividades que deben realizar, dudas de proyectos, etc

Sheet S.11
B2: Diseño de la Sesión de Laboratorio
B4: Curso | C4: ='Diseño'!C4 -> 786 - Sistemas Organizacionales y Gerenciales 1
B5: Semana | C5: 11
B6: Tiempo | C6: =H10+H21+H49+H73 -> 105
B7: Ponderación | C7: =B54+B65 -> 0
B8: Validación de Tiempo | C8: =IF(H49<=0, "❌ ERROR: La Actividad 1 debe tener un tiempo mayor a 0.", IF(H21>60, "❌ ERROR: El 'Área de Conocimiento' no puede exceder los 60 min.", IF((H10+H21+H49)<100, "❌ ERROR: El tiempo total debe ser de al menos 100 min.", "✅ VALIDACIÓN CORRECTA"))) -> ❌ ERROR: El tiempo total debe ser de al menos 100 min.
A10: 1. Área Actitudinal (Saber Ser) | G10: Tiempo Aproximado | H10: =B13 -> 5
G11: Tiene que estar en un rango de 3 a 5 minutos
A12: Nombre del Valor | B12: Compromiso
A13: Tiempo Aproximado | B13: 5
A14: Descripcion
A15: Fomentar el compromiso como valor esencial en entornos educativos digitales, donde la motivación, la constancia y la participación activa son claves para el aprendizaje efectivo
A17: Como se relaciona con los conocimientos de la sesion y se aplicaria
A18: El compromiso consiste en aplicar lo aprendido sobre e-learning y gamificación, aprovechando sus ventajas y herramientas para mejorar la enseñanza y mantener la motivación en los procesos educativos.
A21: 2. Área Conocimiento (Saber) | G21: Tiempo Aproximado | H21: =SUM(D44:H47) -> 60
G22: No puede exceder los 60 minutos
A23: Competencia a desarrollar | B23: moviliza habilidades de pensamiento crítico y resolución de problemas utilizando estudios de caso empresariales con el fin de fortalecer la toma de decisiones en entornos organizacionales
A24: Competencia a desarrollar | B24: contrasta ideas, soluciones y propuestas relacionadas con sistemas de información utilizando herramientas de comunicación efectiva con el fin de facilitar la colaboración y comprensión en la organización
A26: 2.1 Contenido
A27: No. | B27: Unidad | D27: Tema | F27: Sub Tema
A28: 1 | B28: =IFERROR(__xludf.DUMMYFUNCTION("FILTER('Diseño'!D:D,'Diseño'!H:H=$C$5)"),3.0) -> 3 | D28: =IFERROR(__xludf.DUMMYFUNCTION("FILTER('Diseño'!E:E,'Diseño'!H:H=$C$5)"),"Arquitectura de sistemas") -> Arquitectura de sistemas | F28: =IFERROR(__xludf.DUMMYFUNCTION("FILTER('Diseño'!F:F,'Diseño'!H:H=$C$5)"),"Ejemplos de arquitecturas") -> Ejemplos de arquitecturas
A29: 2 | B29: =IFERROR(__xludf.DUMMYFUNCTION("""COMPUTED_VALUE"""),3.0) -> 3 | D29: =IFERROR(__xludf.DUMMYFUNCTION("""COMPUTED_VALUE"""),"Arquitectura de sistemas") -> Arquitectura de sistemas | F29: =IFERROR(__xludf.DUMMYFUNCTION("""COMPUTED_VALUE"""),"Herramientas para arquitecturas") -> Herramientas para arquitecturas
A30: 3 | B30: =IFERROR(__xludf.DUMMYFUNCTION("""COMPUTED_VALUE"""),3.0) -> 3 | D30: =IFERROR(__xludf.DUMMYFUNCTION("""COMPUTED_VALUE"""),"Arquitectura de sistemas") -> Arquitectura de sistemas | F30: =IFERROR(__xludf.DUMMYFUNCTION("""COMPUTED_VALUE"""),"Impacto en la organización") -> Impacto en la organización
A31: 4 | B31: =IFERROR(__xludf.DUMMYFUNCTION("""COMPUTED_VALUE"""),3.0) -> 3 | D31: =IFERROR(__xludf.DUMMYFUNCTION("""COMPUTED_VALUE"""),"Arquitectura de sistemas") -> Arquitectura de sistemas | F31: =IFERROR(__xludf.DUMMYFUNCTION("""COMPUTED_VALUE"""),"Futuro de la arquitectura de sistemas") -> Futuro de la arquitectura de sistemas
A32: 5 | B32: =IFERROR(__xludf.DUMMYFUNCTION("""COMPUTED_VALUE"""),3.0) -> 3 | D32: =IFERROR(__xludf.DUMMYFUNCTION("""COMPUTED_VALUE"""),"Arquitectura de sistemas") -> Arquitectura de sistemas | F32: =IFERROR(__xludf.DUMMYFUNCTION("""COMPUTED_VALUE"""),"Conclusiones sobre arquitectura") -> Conclusiones sobre arquitectura
A33: 6 | B33: =IFERROR(__xludf.DUMMYFUNCTION("""COMPUTED_VALUE"""),4.0) -> 4 | D33: =IFERROR(__xludf.DUMMYFUNCTION("""COMPUTED_VALUE"""),"El ciclo de vida de un sistema") -> El ciclo de vida de un sistema | F33: =IFERROR(__xludf.DUMMYFUNCTION("""COMPUTED_VALUE"""),"Definición del ciclo de vida") -> Definición del ciclo de vida
A34: 7 | B34: =IFERROR(__xludf.DUMMYFUNCTION("""COMPUTED_VALUE"""),4.0) -> 4 | D34: =IFERROR(__xludf.DUMMYFUNCTION("""COMPUTED_VALUE"""),"El ciclo de vida de un sistema") -> El ciclo de vida de un sistema | F34: =IFERROR(__xludf.DUMMYFUNCTION("""COMPUTED_VALUE"""),"Etapas del ciclo de vida") -> Etapas del ciclo de vida
B35: =IFERROR(__xludf.DUMMYFUNCTION("""COMPUTED_VALUE"""),4.0) -> 4 | D35: =IFERROR(__xludf.DUMMYFUNCTION("""COMPUTED_VALUE"""),"El ciclo de vida de un sistema") -> El ciclo de vida de un sistema | F35: =IFERROR(__xludf.DUMMYFUNCTION("""COMPUTED_VALUE"""),"Herramientas para el ciclo de vida") -> Herramientas para el ciclo de vida
B36: =IFERROR(__xludf.DUMMYFUNCTION("""COMPUTED_VALUE"""),4.0) -> 4 | D36: =IFERROR(__xludf.DUMMYFUNCTION("""COMPUTED_VALUE"""),"El ciclo de vida de un sistema") -> El ciclo de vida de un sistema | F36: =IFERROR(__xludf.DUMMYFUNCTION("""COMPUTED_VALUE"""),"Importancia del ciclo de vida") -> Importancia del ciclo de vida
B37: =IFERROR(__xludf.DUMMYFUNCTION("""COMPUTED_VALUE"""),4.0) -> 4 | D37: =IFERROR(__xludf.DUMMYFUNCTION("""COMPUTED_VALUE"""),"El ciclo de vida de un sistema") -> El ciclo de vida de un sistema | F37: =IFERROR(__xludf.DUMMYFUNCTION("""COMPUTED_VALUE"""),"Ejemplos de aplicación") -> Ejemplos de aplicación
B38: =IFERROR(__xludf.DUMMYFUNCTION("""COMPUTED_VALUE"""),4.0) -> 4 | D38: =IFERROR(__xludf.DUMMYFUNCTION("""COMPUTED_VALUE"""),"El ciclo de vida de un sistema") -> El ciclo de vida de un sistema | F38: =IFERROR(__xludf.DUMMYFUNCTION("""COMPUTED_VALUE"""),"Desafíos en el ciclo de vida") -> Desafíos en el ciclo de vida
B39: =IFERROR(__xludf.DUMMYFUNCTION("""COMPUTED_VALUE"""),4.0) -> 4 | D39: =IFERROR(__xludf.DUMMYFUNCTION("""COMPUTED_VALUE"""),"El ciclo de vida de un sistema") -> El ciclo de vida de un sistema | F39: =IFERROR(__xludf.DUMMYFUNCTION("""COMPUTED_VALUE"""),"Futuro del ciclo de vida") -> Futuro del ciclo de vida
A41: 2.2 Recursos Educativos
A43: Tipo de Recurso a utilizar | B43: Tipo | C43: Rango Aproximando | D43: Tiempo Aproximado
A44: Presentacion | B44: Obligatorio | C44: 10 a 15 | D44: 15
A45: Video | B45: Obligatorio | C45: 10 a 15 | D45: 15
A46: Lectura | B46: Optativo | C46: 10 a 15 | D46: 15
A47: Ejercicio Demostrativo | B47: Obligatorio | C47: 10 a 15 | D47: 15
A49: 3. Área de Habilidades (Saber Hacer) | G49: Tiempo Aproximado | H49: =B55 -> 30
G50: Tiene que estar en un rango de 30 a 50 minutos
A51: Actividad 1 (Obligatoria)
A52: Competencia que predomina en la actividad | B52: contrasta ideas, soluciones y propuestas relacionadas con sistemas de información utilizando herramientas de comunicación efectiva con el fin de facilitar la colaboración y comprensión en la organización
A53: Tipo de Actividad | B53: Cuestionario
A54: Ponderación | B54: 0
A55: Tiempo Aproximado | B55: 30
A56: Coloca el tiempo que usar en la actividad, un tiempo sugerido 30 minutos
A57: Descripcion de la Actividad
A62: Actividad 2 (Optativa puedes hacerla si lo consideras apropiado)
A63: Competencia que predomina en la actividad
A64: Tipo de Actividad
A65: Ponderación
A66: Tiempo Aproximado
A67: Coloca el tiempo que usar en la actividad, un tiempo sugerido 20 minutos
A68: Descripcion de la Actividad
A73: 3. Cierre | G73: Tiempo Aproximado | H73: =B75 -> 10
G74: Tiene que estar en un rango de 10 a 15 minutos
A75: Tiempo Aproximado | B75: 10
A76: Asignacion de Actividades
A77: Resolver dudas de proyecto
A79: Resuelve alguna duda, asigna las actividades que deben realizar, dudas de proyectos, etc

Sheet S.12
B2: Diseño de la Sesión de Laboratorio
B4: Curso | C4: ='Diseño'!C4 -> 786 - Sistemas Organizacionales y Gerenciales 1
B5: Semana | C5: 12
B6: Tiempo | C6: =H10+H21+H44+H68 -> 115
B7: Ponderación | C7: =B49+B60 -> 0
B8: Validación de Tiempo | C8: =IF(H44<=0, "❌ ERROR: La Actividad 1 debe tener un tiempo mayor a 0.", IF(H21>60, "❌ ERROR: El 'Área de Conocimiento' no puede exceder los 60 min.", IF((H10+H21+H44)<100, "❌ ERROR: El tiempo total debe ser de al menos 100 min.", "✅ VALIDACIÓN CORRECTA"))) -> ✅ VALIDACIÓN CORRECTA
A10: 1. Área Actitudinal (Saber Ser) | G10: Tiempo Aproximado | H10: =B13 -> 5
G11: Tiene que estar en un rango de 3 a 5 minutos
A12: Nombre del Valor | B12: Compromiso
A13: Tiempo Aproximado | B13: 5
A14: Descripcion
A15: Fomentar el compromiso como valor esencial en entornos educativos digitales, donde la motivación, la constancia y la participación activa son claves para el aprendizaje efectivo
A17: Como se relaciona con los conocimientos de la sesion y se aplicaria
A18: El compromiso consiste en aplicar lo aprendido sobre e-learning y gamificación, aprovechando sus ventajas y herramientas para mejorar la enseñanza y mantener la motivación en los procesos educativos.
A21: 2. Área Conocimiento (Saber) | G21: Tiempo Aproximado | H21: =SUM(D39:H42) -> 60
G22: No puede exceder los 60 minutos
A23: Competencia a desarrollar | B23: moviliza habilidades de pensamiento crítico y resolución de problemas utilizando estudios de caso empresariales con el fin de fortalecer la toma de decisiones en entornos organizacionales
A24: Competencia a desarrollar | B24: contrasta ideas, soluciones y propuestas relacionadas con sistemas de información utilizando herramientas de comunicación efectiva con el fin de facilitar la colaboración y comprensión en la organización
A26: 2.1 Contenido
A27: No. | B27: Unidad | D27: Tema | F27: Sub Tema
A28: 1 | B28: =IFERROR(__xludf.DUMMYFUNCTION("FILTER('Diseño'!D:D,'Diseño'!H:H=$C$5)"),4.0) -> 4 | D28: =IFERROR(__xludf.DUMMYFUNCTION("FILTER('Diseño'!E:E,'Diseño'!H:H=$C$5)"),"E-learning") -> E-learning | F28: =IFERROR(__xludf.DUMMYFUNCTION("FILTER('Diseño'!F:F,'Diseño'!H:H=$C$5)"),"Definición de e-learning") -> Definición de e-learning
A29: 2 | B29: =IFERROR(__xludf.DUMMYFUNCTION("""COMPUTED_VALUE"""),4.0) -> 4 | D29: =IFERROR(__xludf.DUMMYFUNCTION("""COMPUTED_VALUE"""),"E-learning") -> E-learning | F29: =IFERROR(__xludf.DUMMYFUNCTION("""COMPUTED_VALUE"""),"Ventajas del e-learning") -> Ventajas del e-learning
A30: 3 | B30: =IFERROR(__xludf.DUMMYFUNCTION("""COMPUTED_VALUE"""),4.0) -> 4 | D30: =IFERROR(__xludf.DUMMYFUNCTION("""COMPUTED_VALUE"""),"E-learning") -> E-learning | F30: =IFERROR(__xludf.DUMMYFUNCTION("""COMPUTED_VALUE"""),"Desafíos del e-learning") -> Desafíos del e-learning
A31: 4 | B31: =IFERROR(__xludf.DUMMYFUNCTION("""COMPUTED_VALUE"""),4.0) -> 4 | D31: =IFERROR(__xludf.DUMMYFUNCTION("""COMPUTED_VALUE"""),"E-learning") -> E-learning | F31: =IFERROR(__xludf.DUMMYFUNCTION("""COMPUTED_VALUE"""),"Herramientas para e-learning") -> Herramientas para e-learning
A32: 5 | B32: =IFERROR(__xludf.DUMMYFUNCTION("""COMPUTED_VALUE"""),4.0) -> 4 | D32: =IFERROR(__xludf.DUMMYFUNCTION("""COMPUTED_VALUE"""),"E-learning") -> E-learning | F32: =IFERROR(__xludf.DUMMYFUNCTION("""COMPUTED_VALUE"""),"Casos de éxito") -> Casos de éxito
A33: 6 | B33: =IFERROR(__xludf.DUMMYFUNCTION("""COMPUTED_VALUE"""),4.0) -> 4 | D33: =IFERROR(__xludf.DUMMYFUNCTION("""COMPUTED_VALUE"""),"E-learning") -> E-learning | F33: =IFERROR(__xludf.DUMMYFUNCTION("""COMPUTED_VALUE"""),"Futuro del e-learning") -> Futuro del e-learning
A34: 7 | B34: =IFERROR(__xludf.DUMMYFUNCTION("""COMPUTED_VALUE"""),4.0) -> 4 | D34: =IFERROR(__xludf.DUMMYFUNCTION("""COMPUTED_VALUE"""),"E-learning") -> E-learning | F34: =IFERROR(__xludf.DUMMYFUNCTION("""COMPUTED_VALUE"""),"Conclusiones sobre e-learning") -> Conclusiones sobre e-learning
B35: =IFERROR(__xludf.DUMMYFUNCTION("""COMPUTED_VALUE"""),5.0) -> 5 | D35: =IFERROR(__xludf.DUMMYFUNCTION("""COMPUTED_VALUE"""),"Gamificación en educación") -> Gamificación en educación | F35: =IFERROR(__xludf.DUMMYFUNCTION("""COMPUTED_VALUE"""),"Definición de plataformas educativas") -> Definición de plataformas educativas
A36: 2.2 Recursos Educativos | B36: =IFERROR(__xludf.DUMMYFUNCTION("""COMPUTED_VALUE"""),5.0) -> 5 | D36: =IFERROR(__xludf.DUMMYFUNCTION("""COMPUTED_VALUE"""),"Gamificación en educación") -> Gamificación en educación | F36: =IFERROR(__xludf.DUMMYFUNCTION("""COMPUTED_VALUE"""),"Ejemplos de plataformas educativas") -> Ejemplos de plataformas educativas
B37: =IFERROR(__xludf.DUMMYFUNCTION("""COMPUTED_VALUE"""),5.0) -> 5 | D37: =IFERROR(__xludf.DUMMYFUNCTION("""COMPUTED_VALUE"""),"Gamificación en educación") -> Gamificación en educación | F37: =IFERROR(__xludf.DUMMYFUNCTION("""COMPUTED_VALUE"""),"Ventajas de las plataformas") -> Ventajas de las plataformas
A38: Tipo de Recurso a utilizar | B38: Tipo | C38: Rango Aproximando | D38: Tiempo Aproximado
A39: Presentacion | B39: Obligatorio | C39: 10 a 15 | D39: 15
A40: Video | B40: Obligatorio | C40: 10 a 15 | D40: 15
A41: Lectura | B41: Optativo | C41: 10 a 15 | D41: 15
A42: Ejercicio Demostrativo | B42: Obligatorio | C42: 10 a 15 | D42: 15
A44: 3. Área de Habilidades (Saber Hacer) | G44: Tiempo Aproximado | H44: =B50 -> 40
G45: Tiene que estar en un rango de 30 a 50 minutos
A46: Actividad 1 (Obligatoria)
A47: Competencia que predomina en la actividad | B47: contrasta ideas, soluciones y propuestas relacionadas con sistemas de información utilizando herramientas de comunicación efectiva con el fin de facilitar la colaboración y comprensión en la organización
A48: Tipo de Actividad | B48: Cuestionario
A49: Ponderación | B49: 0
A50: Tiempo Aproximado | B50: 40
A51: Coloca el tiempo que usar en la actividad, un tiempo sugerido 30 minutos
A52: Descripcion de la Actividad
A57: Actividad 2 (Optativa puedes hacerla si lo consideras apropiado)
A58: Competencia que predomina en la actividad
A59: Tipo de Actividad
A60: Ponderación
A61: Tiempo Aproximado
A62: Coloca el tiempo que usar en la actividad, un tiempo sugerido 20 minutos
A63: Descripcion de la Actividad
A68: 3. Cierre | G68: Tiempo Aproximado | H68: =B70 -> 10
G69: Tiene que estar en un rango de 10 a 15 minutos
A70: Tiempo Aproximado | B70: 10
A71: Asignacion de Actividades
A72: Resolver dudas de proyecto
A74: Resuelve alguna duda, asigna las actividades que deben realizar, dudas de proyectos, etc

Sheet Proyectos
B2: Proyectos
B4: Curso | C4: ='Diseño'!C4 -> 786 - Sistemas Organizacionales y Gerenciales 1
B5: Tiempo | C5: =H9+H26+H43 -> 120
B6: Ponderación | C6: =F9+F26+F43 -> 60
B7: La sumatoria de los puntos de los proyectos debe superar el 70% del total de la nota, no puede ser un 100%
A9: 1. Primer Proyecto | E9: Ponderación | F9: 20 | G9: Horas para realizarlo | H9: 40
A10: Obligatorio
A11: Competencia a desarrollar | B11: implementa sistemas de información organizacionales utilizando tecnologías de información y comunicación con el fin de apoyar la transformación digital y la toma de decisiones estratégicas en la empresa
A12: Competencia a desarrollar | B12: combina técnicas de trabajo en equipo y colaboración interdisciplinaria empleando metodologías ágiles de gestión de proyectos con el fin de fomentar la innovación y eficiencia organizacional
A13: Competencia a desarrollar | B13: diseña soluciones de sistemas de información geográfica (GIS) y de inteligencia de negocios (BI) utilizando software especializado con el fin de optimizar la visualización y análisis de datos estratégicos
A14: Titulo | B14: E-Commerce Fase 1
A15: Qué tecnologías, lenguajes de programación, plataformas, hardware o software se utilizaran
A16: Sistemas ERP permitidos: ● Odoo ● ERPNext ● Dolibarr Sistemas CRM permitidos: ● Zoho CRM ● Odoo CRM ● SuiteCRM ● HubSpot CRM Tecnologías adicionales: ● Herramientas de inteligencia de negocios (BI) (Power bi) ● Plataformas de desarrollo web ● Sistemas de gestión de bases de datos (SQL , MYSQL)
A19: Descripción de lo que se realizara
A20: Fase 1: Análisis y Planificación (Semanas 1-4) Ponderacion: 20 Puntos 1. Investigación y Diagnóstico: Realizar análisis completo de la situación organizacional, mercado objetivo y competencia 2. Definición de Objetivos: Establecer objetivos claros, cuantificables y medibles para el proyecto 3. Planificación Estratégica: Desarrollar planes estratégicos, operativos y direccionales para la implementación 4. Identificación del Proyecto: Definir alcance, beneficiarios, características y actividades específicas
A26: 2. Segundo Proyecto | E26: Ponderación | F26: 20 | G26: Horas para realizarlo | H26: 40
A27: Obligatorio
A28: Competencia a desarrollar | B28: implementa sistemas de información organizacionales utilizando tecnologías de información y comunicación con el fin de apoyar la transformación digital y la toma de decisiones estratégicas en la empresa
A29: Competencia a desarrollar | B29: combina técnicas de trabajo en equipo y colaboración interdisciplinaria empleando metodologías ágiles de gestión de proyectos con el fin de fomentar la innovación y eficiencia organizacional
A30: Competencia a desarrollar | B30: diseña soluciones de sistemas de información geográfica (GIS) y de inteligencia de negocios (BI) utilizando software especializado con el fin de optimizar la visualización y análisis de datos estratégicos
A31: Titulo | B31: E-Commerce Fase 2
A32: Qué tecnologías, lenguajes de programación, plataformas, hardware o software se utilizaran
A33: Sistemas ERP permitidos: ● Odoo ● ERPNext ● Dolibarr Sistemas CRM permitidos: ● Zoho CRM ● Odoo CRM ● SuiteCRM ● HubSpot CRM Tecnologías adicionales: ● Herramientas de inteligencia de negocios (BI) (Power bi) ● Plataformas de desarrollo web ● Sistemas de gestión de bases de datos (SQL , MYSQL)
A36: Descripción de lo que se realizara
A37: Fase 2: Implementación Técnica (Semanas 5-8) Ponderacion: 20 Puntos 1. Selección e Instalación: Elegir y configurar los sistemas ERP y CRM más adecuados 2. Configuración de Sistemas: Implementar módulos específicos según las necesidades del proyecto 3. Desarrollo de Integración: Conectar los diferentes sistemas para garantizar flujo de información 4. Implementación de Procesos: Establecer cadena de suministros, sistema de cotizaciones y gestión de inventarios
A43: 3. Tercer Proyecto | E43: Ponderación | F43: 20 | G43: Horas para realizarlo | H43: 40
A44: Optativa
A45: Competencia a desarrollar | B45: implementa sistemas de información organizacionales utilizando tecnologías de información y comunicación con el fin de apoyar la transformación digital y la toma de decisiones estratégicas en la empresa
A46: Competencia a desarrollar | B46: combina técnicas de trabajo en equipo y colaboración interdisciplinaria empleando metodologías ágiles de gestión de proyectos con el fin de fomentar la innovación y eficiencia organizacional
A47: Competencia a desarrollar | B47: diseña soluciones de sistemas de información geográfica (GIS) y de inteligencia de negocios (BI) utilizando software especializado con el fin de optimizar la visualización y análisis de datos estratégicos
A48: Titulo | B48: E-Commerce Fase 3
A49: Qué tecnologías, lenguajes de programación, plataformas, hardware o software se utilizaran
A50: Sistemas ERP permitidos: ● Odoo ● ERPNext ● Dolibarr Sistemas CRM permitidos: ● Zoho CRM ● Odoo CRM ● SuiteCRM ● HubSpot CRM Tecnologías adicionales: ● Herramientas de inteligencia de negocios (BI) (Power bi) ● Plataformas de desarrollo web ● Sistemas de gestión de bases de datos (SQL , MYSQL)
A53: Descripción de lo que se realizara
A54: Fase 3: Finalización y Optimización (Semanas 9-12) Ponderacion: 20 Puntos 1. Desarrollo Web: Crear y conectar el sitio E-commerce con los sistemas implementados 2. Implementación BI: Configurar herramientas de inteligencia de negocios y reportes 3. Pruebas y Optimización: Realizar pruebas exhaustivas de todos los sistemas integrados 4. Documentación Final: Completar manuales de usuario y documentación técnica

Sheet Practicas
B2: Practicas
B4: Curso | C4: ='Diseño'!C4 -> 786 - Sistemas Organizacionales y Gerenciales 1
B5: Tiempo | C5: =H9+H26+H43+H60+H77+H94+H111 -> 150
B6: Ponderación | C6: =F9+F26+F43+F60+F77+F94+F111 -> 30
B7: La sumatoria de los puntos de los practicas debe no debe super el 20%
A9: 1. Primera Practica | E9: Ponderación | F9: 10 | G9: Horas para realizarlo | H9: 50
A10: Obligatoria
A11: Competencia a desarrollar | B11: implementa sistemas de información organizacionales utilizando tecnologías de información y comunicación con el fin de apoyar la transformación digital y la toma de decisiones estratégicas en la empresa
A12: Competencia a desarrollar | B12: revisa la evolución de los sistemas de información en la empresa mediante el análisis de casos históricos y actuales con el fin de identificar tendencias y áreas de mejora
A13: Competencia a desarrollar
A14: Titulo
A15: Qué tecnologías, lenguajes de programación, plataformas, hardware o software se utilizaran
A16: Words, Excel, MySQL
A19: Descripción de lo que se realizara
A20: En esta práctica, el estudiante debe diseñar una base de datos relacional, revisar información histórica de ventas para estructurar reportes y comunicar los hallazgos mediante un informe ejecutivo. Se evalúa la capacidad de diseñar modelos de datos, interpretar resultados analíticos y presentar información de forma visual y ejecutiva clara.
A26: 2. Segunda Practica | E26: Ponderación | F26: 10 | G26: Horas para realizarlo | H26: 50
A27: Optativa
A28: Competencia a desarrollar | B28: moviliza habilidades de pensamiento crítico y resolución de problemas utilizando estudios de caso empresariales con el fin de fortalecer la toma de decisiones en entornos organizacionales
A29: Competencia a desarrollar | B29: contrasta ideas, soluciones y propuestas relacionadas con sistemas de información utilizando herramientas de comunicación efectiva con el fin de facilitar la colaboración y comprensión en la organización
A30: Competencia a desarrollar
A31: Titulo
A32: Qué tecnologías, lenguajes de programación, plataformas, hardware o software se utilizaran
A33: Wix, Word
A36: Descripción de lo que se realizara
A37: En esta práctica, el estudiante debe integrar tecnologías digitales para crear una estrategia de adquisición de clientes, validar planes estratégicos mediante metodologías de planeación y comunicar su solución en un informe y mediante una landing page. Se evalúa la habilidad de diseñar estrategias digitales completas, construir ecosistemas tecnológicos y alinear objetivos empresariales.
A43: 3. Tercera Practica | E43: Ponderación | F43: 10 | G43: Horas para realizarlo | H43: 50
A44: Optativa
A45: Competencia a desarrollar | B45: valida metodologías de gestión del cambio y rediseño de procesos organizativos utilizando modelos de cambio organizativo y técnicas de reingeniería con el fin de garantizar la incorporación efectiva de las TIC
A46: Competencia a desarrollar | B46: contrasta ideas, soluciones y propuestas relacionadas con sistemas de información utilizando herramientas de comunicación efectiva con el fin de facilitar la colaboración y comprensión en la organización
A47: Competencia a desarrollar
A48: Titulo
A49: Qué tecnologías, lenguajes de programación, plataformas, hardware o software se utilizaran
A50: Wix, Word
A53: Descripción de lo que se realizara
A54: En esta práctica, el estudiante debe integrar tecnologías de información para crear una plataforma de e-commerce innovadora, diseñar productos digitales estratégicos basados en un análisis exhaustivo del mercado y validar sus estrategias mediante herramientas de análisis competitivo (PEST, SWOT, Porter, etc.). Se evaluará la capacidad de plantear soluciones digitales reales, realizar investigación de mercado aplicada, estructurar propuestas comerciales efectivas y planificar un proyecto en sprints de desarrollo.
A60: 4. Cuarta Practica | E60: Ponderación | G60: Horas para realizarlo
A61: Optativa
A62: Competencia a desarrollar
A63: Competencia a desarrollar
A64: Competencia a desarrollar
A65: Titulo
A66: Qué tecnologías, lenguajes de programación, plataformas, hardware o software se utilizaran
A70: Descripción de lo que se realizara
A77: 5. Quinta Practica | E77: Ponderación | G77: Horas para realizarlo
A78: Optativa
A79: Competencia a desarrollar
A80: Competencia a desarrollar
A81: Competencia a desarrollar
A82: Titulo
A83: Qué tecnologías, lenguajes de programación, plataformas, hardware o software se utilizaran
A87: Descripción de lo que se realizara
A94: 6. Sexta Practica | E94: Ponderación | G94: Horas para realizarlo
A95: Optativa
A96: Competencia a desarrollar
A97: Competencia a desarrollar
A98: Competencia a desarrollar
A99: Titulo
A100: Qué tecnologías, lenguajes de programación, plataformas, hardware o software se utilizaran
A104: Descripción de lo que se realizara
A111: 7. Septima Practica | E111: Ponderación | G111: Horas para realizarlo
A112: Optativa
A113: Competencia a desarrollar
A114: Competencia a desarrollar
A115: Competencia a desarrollar
A116: Titulo
A117: Qué tecnologías, lenguajes de programación, plataformas, hardware o software se utilizaran
A121: Descripción de lo que se realizara

Sheet Tareas
B2: Tareas
B4: Curso | C4: ='Diseño'!C4 -> 786 - Sistemas Organizacionales y Gerenciales 1
B5: Tiempo | C5: =H9+H26+H43+H60+H77+H94+H111 -> 0
B6: Ponderación | C6: =F9+F26+F43+F60+F77+F94+F111 -> 0
B7: La sumatoria de los puntos de los practicas debe no debe super el 20% de la nota
A9: 1. Primera Tarea | E9: Ponderación | G9: Horas para realizarlo
A10: Obligatoria
A11: Competencia a desarrollar
A12: Competencia a desarrollar
A13: Competencia a desarrollar
A14: Titulo
A15: Qué tecnologías, lenguajes de programación, plataformas, hardware o software se utilizaran
A19: Descripción de lo que se realizara
A26: 2. Segunda Tarea | E26: Ponderación | G26: Horas para realizarlo
A27: Obligatoria
A28: Competencia a desarrollar
A29: Competencia a desarrollar
A30: Competencia a desarrollar
A31: Titulo
A32: Qué tecnologías, lenguajes de programación, plataformas, hardware o software se utilizaran
A36: Descripción de lo que se realizara
A43: 3. Tercera Tarea | E43: Ponderación | G43: Horas para realizarlo
A44: Optativa
A45: Competencia a desarrollar
A46: Competencia a desarrollar
A47: Competencia a desarrollar
A48: Titulo
A49: Qué tecnologías, lenguajes de programación, plataformas, hardware o software se utilizaran
A53: Descripción de lo que se realizara
A60: 4. Cuarta Tarea | E60: Ponderación | G60: Horas para realizarlo
A61: Optativa
A62: Competencia a desarrollar
A63: Competencia a desarrollar
A64: Competencia a desarrollar
A65: Titulo
A66: Qué tecnologías, lenguajes de programación, plataformas, hardware o software se utilizaran
A70: Descripción de lo que se realizara
A77: 5. Quinta Tarea | E77: Ponderación | G77: Horas para realizarlo
A78: Optativa
A79: Competencia a desarrollar
A80: Competencia a desarrollar
A81: Competencia a desarrollar
A82: Titulo
A83: Qué tecnologías, lenguajes de programación, plataformas, hardware o software se utilizaran
A87: Descripción de lo que se realizara
A94: 6. Sexta Tarea | E94: Ponderación | G94: Horas para realizarlo
A95: Optativa
A96: Competencia a desarrollar
A97: Competencia a desarrollar
A98: Competencia a desarrollar
A99: Titulo
A100: Qué tecnologías, lenguajes de programación, plataformas, hardware o software se utilizaran
A104: Descripción de lo que se realizara
A111: 7. Septima Tarea | E111: Ponderación | G111: Horas para realizarlo
A112: Optativa
A113: Competencia a desarrollar
A114: Competencia a desarrollar
A115: Competencia a desarrollar
A116: Titulo
A117: Qué tecnologías, lenguajes de programación, plataformas, hardware o software se utilizaran
A121: Descripción de lo que se realizara

Sheet Resumen
B2: Resumen de Ponderacion y Horas para realizar las actividades
B4: Curso | C4: ='Diseño'!C4 -> 786 - Sistemas Organizacionales y Gerenciales 1
B5: Periodo al que aplica | C5: Primer Semestre 2026
B6: Total de Puntos del Laboratorio
A9: Actividades Formativas | D9: Proyectos
A10: Debe abarcar entre el 20% y 30% de la Nota | D10: Debe abarcar entre el 60% y 70% de la Nota
A12: Tipo de Actividad | B12: Ponderacion | C12: Horas Aproximadas para realizarlo | D12: Observaciones
A13: Actividades durante el peridodo de laboratorio | E13: Sumatoria de todas las semas
A14: Proyectos | B14: =Proyectos!C6 -> 60 | C14: =Proyectos!C5 -> 120
A15: Practicas | B15: =Practicas!C6 -> 30 | C15: =Practicas!C5 -> 150
A16: Examen Final | B16: 10 | C16: =Tareas!C5 -> 0
A17: Total | B17: =SUM(B13:B16) -> 100 | C17: =SUM(C13:C16) -> 270

Sheet METADATA
A1: =IFERROR(__xludf.DUMMYFUNCTION("IMPORTRANGE(""1j2lHEvOoZ_EPY086Qt7f7AFaZGVfiYKJxXlsnNfWCA0"",""Listado Cursos!H:L"")"),"Codigo-Nombre") -> Codigo-Nombre | B1: =IFERROR(__xludf.DUMMYFUNCTION("""COMPUTED_VALUE"""),"Diseño Curricular V01") -> Diseño Curricular V01 | C1: =IFERROR(__xludf.DUMMYFUNCTION("""COMPUTED_VALUE"""),"Analisis de Contexto V01") -> Analisis de Contexto V01 | D1: =IFERROR(__xludf.DUMMYFUNCTION("""COMPUTED_VALUE"""),"2_Analisis_Internacional_y_Local") -> 2_Analisis_Internacional_y_Local | E1: =IFERROR(__xludf.DUMMYFUNCTION("""COMPUTED_VALUE"""),"3_Diseño_Curricular") -> 3_Diseño_Curricular | H1: =IFERROR(__xludf.DUMMYFUNCTION("IMPORTRANGE(VLOOKUP('Diseño'!C4,A:E,4,FALSE), ""Competencias_1re_Sem_2026!B10:J23"")"),1.0) -> 1 | I1: =IFERROR(__xludf.DUMMYFUNCTION("""COMPUTED_VALUE"""),"Especifica") -> Especifica | J1: =IFERROR(__xludf.DUMMYFUNCTION("""COMPUTED_VALUE"""),"implementa") -> implementa | K1: =IFERROR(__xludf.DUMMYFUNCTION("""COMPUTED_VALUE"""),"sistemas de información organizacionales") -> sistemas de información organizacionales | M1: =IFERROR(__xludf.DUMMYFUNCTION("""COMPUTED_VALUE"""),"utilizando tecnologías de información y comunicación") -> utilizando tecnologías de información y comunicación | N1: =IFERROR(__xludf.DUMMYFUNCTION("""COMPUTED_VALUE"""),"con el fin de apoyar la transformación digital y la toma de decisiones estratégicas en la empresa") -> con el fin de apoyar la transformación digital y la toma de decisiones estratégicas en la empresa | P1: =IFERROR(__xludf.DUMMYFUNCTION("""COMPUTED_VALUE"""),"Aplicar") -> Aplicar
A2: =IFERROR(__xludf.DUMMYFUNCTION("""COMPUTED_VALUE"""),"17 - Área Social Humanística 1") -> 17 - Área Social Humanística 1 | I2: =IFERROR(__xludf.DUMMYFUNCTION("""COMPUTED_VALUE"""),"implementa sistemas de información organizacionales utilizando tecnologías de información y comunicación con el fin de apoyar la transformación digital y la toma de decisiones estratégicas en la empresa ") -> implementa sistemas de información organizacionales utilizando tecnologías de información y comunicación con el fin de apoyar la transformación digital y la toma de decisiones estratégicas en la empresa
A3: =IFERROR(__xludf.DUMMYFUNCTION("""COMPUTED_VALUE"""),"101 - Área Matemática Básica 1") -> 101 - Área Matemática Básica 1 | H3: =IFERROR(__xludf.DUMMYFUNCTION("""COMPUTED_VALUE"""),2.0) -> 2 | I3: =IFERROR(__xludf.DUMMYFUNCTION("""COMPUTED_VALUE"""),"Especifica") -> Especifica | J3: =IFERROR(__xludf.DUMMYFUNCTION("""COMPUTED_VALUE"""),"moviliza") -> moviliza | K3: =IFERROR(__xludf.DUMMYFUNCTION("""COMPUTED_VALUE"""),"habilidades de pensamiento crítico y resolución de problemas") -> habilidades de pensamiento crítico y resolución de problemas | M3: =IFERROR(__xludf.DUMMYFUNCTION("""COMPUTED_VALUE"""),"utilizando estudios de caso empresariales") -> utilizando estudios de caso empresariales | N3: =IFERROR(__xludf.DUMMYFUNCTION("""COMPUTED_VALUE"""),"con el fin de fortalecer la toma de decisiones en entornos organizacionales") -> con el fin de fortalecer la toma de decisiones en entornos organizacionales | P3: =IFERROR(__xludf.DUMMYFUNCTION("""COMPUTED_VALUE"""),"Analizar") -> Analizar
A4: =IFERROR(__xludf.DUMMYFUNCTION("""COMPUTED_VALUE"""),"5 - Técnicas de Estudio e Investigación") -> 5 - Técnicas de Estudio e Investigación | I4: =IFERROR(__xludf.DUMMYFUNCTION("""COMPUTED_VALUE"""),"moviliza habilidades de pensamiento crítico y resolución de problemas utilizando estudios de caso empresariales con el fin de fortalecer la toma de decisiones en entornos organizacionales ") -> moviliza habilidades de pensamiento crítico y resolución de problemas utilizando estudios de caso empresariales con el fin de fortalecer la toma de decisiones en entornos organizacionales
A5: =IFERROR(__xludf.DUMMYFUNCTION("""COMPUTED_VALUE"""),"39 - Deportes 1") -> 39 - Deportes 1 | H5: =IFERROR(__xludf.DUMMYFUNCTION("""COMPUTED_VALUE"""),3.0) -> 3 | I5: =IFERROR(__xludf.DUMMYFUNCTION("""COMPUTED_VALUE"""),"Especifica") -> Especifica | J5: =IFERROR(__xludf.DUMMYFUNCTION("""COMPUTED_VALUE"""),"revisa") -> revisa | K5: =IFERROR(__xludf.DUMMYFUNCTION("""COMPUTED_VALUE"""),"la evolución de los sistemas de información en la empresa") -> la evolución de los sistemas de información en la empresa | M5: =IFERROR(__xludf.DUMMYFUNCTION("""COMPUTED_VALUE"""),"mediante el análisis de casos históricos y actuales") -> mediante el análisis de casos históricos y actuales | N5: =IFERROR(__xludf.DUMMYFUNCTION("""COMPUTED_VALUE"""),"con el fin de identificar tendencias y áreas de mejora") -> con el fin de identificar tendencias y áreas de mejora | P5: =IFERROR(__xludf.DUMMYFUNCTION("""COMPUTED_VALUE"""),"Analizar") -> Analizar
A6: =IFERROR(__xludf.DUMMYFUNCTION("""COMPUTED_VALUE"""),"6 - Idioma Tecnico 1") -> 6 - Idioma Tecnico 1 | I6: =IFERROR(__xludf.DUMMYFUNCTION("""COMPUTED_VALUE"""),"revisa la evolución de los sistemas de información en la empresa mediante el análisis de casos históricos y actuales con el fin de identificar tendencias y áreas de mejora ") -> revisa la evolución de los sistemas de información en la empresa mediante el análisis de casos históricos y actuales con el fin de identificar tendencias y áreas de mejora
A7: =IFERROR(__xludf.DUMMYFUNCTION("""COMPUTED_VALUE"""),"19 - Área Social Humanística 2") -> 19 - Área Social Humanística 2 | H7: =IFERROR(__xludf.DUMMYFUNCTION("""COMPUTED_VALUE"""),4.0) -> 4 | I7: =IFERROR(__xludf.DUMMYFUNCTION("""COMPUTED_VALUE"""),"Especifica") -> Especifica | J7: =IFERROR(__xludf.DUMMYFUNCTION("""COMPUTED_VALUE"""),"diseña") -> diseña | K7: =IFERROR(__xludf.DUMMYFUNCTION("""COMPUTED_VALUE"""),"soluciones de sistemas de información geográfica (GIS) y de inteligencia de negocios (BI)") -> soluciones de sistemas de información geográfica (GIS) y de inteligencia de negocios (BI) | M7: =IFERROR(__xludf.DUMMYFUNCTION("""COMPUTED_VALUE"""),"utilizando software especializado") -> utilizando software especializado | N7: =IFERROR(__xludf.DUMMYFUNCTION("""COMPUTED_VALUE"""),"con el fin de optimizar la visualización y análisis de datos estratégicos") -> con el fin de optimizar la visualización y análisis de datos estratégicos | P7: =IFERROR(__xludf.DUMMYFUNCTION("""COMPUTED_VALUE"""),"Crear") -> Crear
A8: =IFERROR(__xludf.DUMMYFUNCTION("""COMPUTED_VALUE"""),"103 - Área Matemática Básica 2") -> 103 - Área Matemática Básica 2 | I8: =IFERROR(__xludf.DUMMYFUNCTION("""COMPUTED_VALUE"""),"diseña soluciones de sistemas de información geográfica (GIS) y de inteligencia de negocios (BI) utilizando software especializado con el fin de optimizar la visualización y análisis de datos estratégicos ") -> diseña soluciones de sistemas de información geográfica (GIS) y de inteligencia de negocios (BI) utilizando software especializado con el fin de optimizar la visualización y análisis de datos estratégicos
A9: =IFERROR(__xludf.DUMMYFUNCTION("""COMPUTED_VALUE"""),"960 - Matemática Para Computación 1") -> 960 - Matemática Para Computación 1 | H9: =IFERROR(__xludf.DUMMYFUNCTION("""COMPUTED_VALUE"""),5.0) -> 5 | I9: =IFERROR(__xludf.DUMMYFUNCTION("""COMPUTED_VALUE"""),"Especifica") -> Especifica | J9: =IFERROR(__xludf.DUMMYFUNCTION("""COMPUTED_VALUE"""),"combina") -> combina | K9: =IFERROR(__xludf.DUMMYFUNCTION("""COMPUTED_VALUE"""),"técnicas de trabajo en equipo y colaboración interdisciplinaria") -> técnicas de trabajo en equipo y colaboración interdisciplinaria | M9: =IFERROR(__xludf.DUMMYFUNCTION("""COMPUTED_VALUE"""),"empleando metodologías ágiles de gestión de proyectos") -> empleando metodologías ágiles de gestión de proyectos | N9: =IFERROR(__xludf.DUMMYFUNCTION("""COMPUTED_VALUE"""),"con el fin de fomentar la innovación y eficiencia organizacional") -> con el fin de fomentar la innovación y eficiencia organizacional | P9: =IFERROR(__xludf.DUMMYFUNCTION("""COMPUTED_VALUE"""),"Crear") -> Crear
A10: =IFERROR(__xludf.DUMMYFUNCTION("""COMPUTED_VALUE"""),"147 - Física Básica") -> 147 - Física Básica | I10: =IFERROR(__xludf.DUMMYFUNCTION("""COMPUTED_VALUE"""),"combina técnicas de trabajo en equipo y colaboración interdisciplinaria empleando metodologías ágiles de gestión de proyectos con el fin de fomentar la innovación y eficiencia organizacional ") -> combina técnicas de trabajo en equipo y colaboración interdisciplinaria empleando metodologías ágiles de gestión de proyectos con el fin de fomentar la innovación y eficiencia organizacional
A11: =IFERROR(__xludf.DUMMYFUNCTION("""COMPUTED_VALUE"""),"40 - Deportes 2") -> 40 - Deportes 2 | H11: =IFERROR(__xludf.DUMMYFUNCTION("""COMPUTED_VALUE"""),6.0) -> 6 | I11: =IFERROR(__xludf.DUMMYFUNCTION("""COMPUTED_VALUE"""),"Especifica") -> Especifica | J11: =IFERROR(__xludf.DUMMYFUNCTION("""COMPUTED_VALUE"""),"valida") -> valida | K11: =IFERROR(__xludf.DUMMYFUNCTION("""COMPUTED_VALUE"""),"metodologías de gestión del cambio y rediseño de procesos organizativos") -> metodologías de gestión del cambio y rediseño de procesos organizativos | M11: =IFERROR(__xludf.DUMMYFUNCTION("""COMPUTED_VALUE"""),"utilizando modelos de cambio organizativo y técnicas de reingeniería") -> utilizando modelos de cambio organizativo y técnicas de reingeniería | N11: =IFERROR(__xludf.DUMMYFUNCTION("""COMPUTED_VALUE"""),"con el fin de garantizar la incorporación efectiva de las TIC") -> con el fin de garantizar la incorporación efectiva de las TIC | P11: =IFERROR(__xludf.DUMMYFUNCTION("""COMPUTED_VALUE"""),"Evaluar") -> Evaluar
A12: =IFERROR(__xludf.DUMMYFUNCTION("""COMPUTED_VALUE"""),"8 - Idioma Técnico 2") -> 8 - Idioma Técnico 2 | I12: =IFERROR(__xludf.DUMMYFUNCTION("""COMPUTED_VALUE"""),"valida metodologías de gestión del cambio y rediseño de procesos organizativos utilizando modelos de cambio organizativo y técnicas de reingeniería con el fin de garantizar la incorporación efectiva de las TIC ") -> valida metodologías de gestión del cambio y rediseño de procesos organizativos utilizando modelos de cambio organizativo y técnicas de reingeniería con el fin de garantizar la incorporación efectiva de las TIC
A13: =IFERROR(__xludf.DUMMYFUNCTION("""COMPUTED_VALUE"""),"795 - Logica de Sitemas") -> 795 - Logica de Sitemas | B13: =IFERROR(__xludf.DUMMYFUNCTION("""COMPUTED_VALUE"""),"1tGblVNcAY7QU_u00ZUgf5GJjDZOK39vXt9FvZeMfPKg") -> 1tGblVNcAY7QU_u00ZUgf5GJjDZOK39vXt9FvZeMfPKg | C13: =IFERROR(__xludf.DUMMYFUNCTION("""COMPUTED_VALUE"""),"1olpUmnSmvTLYIIWFmjmPX_CYPTPOprpPEwh7xMvm2WM") -> 1olpUmnSmvTLYIIWFmjmPX_CYPTPOprpPEwh7xMvm2WM | D13: =IFERROR(__xludf.DUMMYFUNCTION("""COMPUTED_VALUE"""),"17agcDtIQgmVILM9RXVaUBYkv_J7pJleLEkxEkIyMJJM") -> 17agcDtIQgmVILM9RXVaUBYkv_J7pJleLEkxEkIyMJJM | E13: =IFERROR(__xludf.DUMMYFUNCTION("""COMPUTED_VALUE"""),"1w95w-5-FomsEx4h6E_6QIaFvwjWn3GpS") -> 1w95w-5-FomsEx4h6E_6QIaFvwjWn3GpS | H13: =IFERROR(__xludf.DUMMYFUNCTION("""COMPUTED_VALUE"""),7.0) -> 7 | I13: =IFERROR(__xludf.DUMMYFUNCTION("""COMPUTED_VALUE"""),"Especifica") -> Especifica | J13: =IFERROR(__xludf.DUMMYFUNCTION("""COMPUTED_VALUE"""),"contrasta") -> contrasta | K13: =IFERROR(__xludf.DUMMYFUNCTION("""COMPUTED_VALUE"""),"ideas, soluciones y propuestas relacionadas con sistemas de información") -> ideas, soluciones y propuestas relacionadas con sistemas de información | M13: =IFERROR(__xludf.DUMMYFUNCTION("""COMPUTED_VALUE"""),"utilizando herramientas de comunicación efectiva") -> utilizando herramientas de comunicación efectiva | N13: =IFERROR(__xludf.DUMMYFUNCTION("""COMPUTED_VALUE"""),"con el fin de facilitar la colaboración y comprensión en la organización") -> con el fin de facilitar la colaboración y comprensión en la organización | P13: =IFERROR(__xludf.DUMMYFUNCTION("""COMPUTED_VALUE"""),"Analizar") -> Analizar
A14: =IFERROR(__xludf.DUMMYFUNCTION("""COMPUTED_VALUE"""),"962 - Matemática Para Computación 2") -> 962 - Matemática Para Computación 2 | I14: =IFERROR(__xludf.DUMMYFUNCTION("""COMPUTED_VALUE"""),"contrasta ideas, soluciones y propuestas relacionadas con sistemas de información utilizando herramientas de comunicación efectiva con el fin de facilitar la colaboración y comprensión en la organización ") -> contrasta ideas, soluciones y propuestas relacionadas con sistemas de información utilizando herramientas de comunicación efectiva con el fin de facilitar la colaboración y comprensión en la organización
A15: =IFERROR(__xludf.DUMMYFUNCTION("""COMPUTED_VALUE"""),"770 - Introducción a ala programación y computación 1") -> 770 - Introducción a ala programación y computación 1 | B15: =IFERROR(__xludf.DUMMYFUNCTION("""COMPUTED_VALUE"""),"1hnCz3e7R539DMJA_6KBromYXyQWjR5cbX4eUFYyZB78") -> 1hnCz3e7R539DMJA_6KBromYXyQWjR5cbX4eUFYyZB78 | C15: =IFERROR(__xludf.DUMMYFUNCTION("""COMPUTED_VALUE"""),"13K0AQ2QyRJmkDL_B9YKTYVy3OKQyLCIBTe0sAqstrFI") -> 13K0AQ2QyRJmkDL_B9YKTYVy3OKQyLCIBTe0sAqstrFI | D15: =IFERROR(__xludf.DUMMYFUNCTION("""COMPUTED_VALUE"""),"1kT0U-6N_PfLXHZnMI7r4DBtAi8DedDHU4nlc6LJYNo0") -> 1kT0U-6N_PfLXHZnMI7r4DBtAi8DedDHU4nlc6LJYNo0 | E15: =IFERROR(__xludf.DUMMYFUNCTION("""COMPUTED_VALUE"""),"1ckY3kIc3clzV4xpXc56uv8KpfX4YxL-8") -> 1ckY3kIc3clzV4xpXc56uv8KpfX4YxL-8
A16: =IFERROR(__xludf.DUMMYFUNCTION("""COMPUTED_VALUE"""),"107 - Área Matemática Intermedia 1") -> 107 - Área Matemática Intermedia 1
A17: =IFERROR(__xludf.DUMMYFUNCTION("""COMPUTED_VALUE"""),"150 - Fisica 1") -> 150 - Fisica 1 | I17: =I2 -> implementa sistemas de información organizacionales utilizando tecnologías de información y comunicación con el fin de apoyar la transformación digital y la toma de decisiones estratégicas en la empresa
A18: =IFERROR(__xludf.DUMMYFUNCTION("""COMPUTED_VALUE"""),"1 - Ética Profesional") -> 1 - Ética Profesional | I18: =I4 -> moviliza habilidades de pensamiento crítico y resolución de problemas utilizando estudios de caso empresariales con el fin de fortalecer la toma de decisiones en entornos organizacionales
A19: =IFERROR(__xludf.DUMMYFUNCTION("""COMPUTED_VALUE"""),"9 - Idioma Técnico 3") -> 9 - Idioma Técnico 3 | I19: =I6 -> revisa la evolución de los sistemas de información en la empresa mediante el análisis de casos históricos y actuales con el fin de identificar tendencias y áreas de mejora
A20: =IFERROR(__xludf.DUMMYFUNCTION("""COMPUTED_VALUE"""),"796 - Lenguajes Formales y de Programación") -> 796 - Lenguajes Formales y de Programación | B20: =IFERROR(__xludf.DUMMYFUNCTION("""COMPUTED_VALUE"""),"1-dPQ2ZCWWgBi4gyaV8KmnDWxF063I-zfJutKPMwJjrw") -> 1-dPQ2ZCWWgBi4gyaV8KmnDWxF063I-zfJutKPMwJjrw | C20: =IFERROR(__xludf.DUMMYFUNCTION("""COMPUTED_VALUE"""),"14p5IrzE6q20i9mtWRrbgJgIQTyfVIS4RiO1JbrFY3Ng") -> 14p5IrzE6q20i9mtWRrbgJgIQTyfVIS4RiO1JbrFY3Ng | D20: =IFERROR(__xludf.DUMMYFUNCTION("""COMPUTED_VALUE"""),"1AGg7thSM78QT3j-XZKX-5O8_jS800m3f69bnsKDL7lw") -> 1AGg7thSM78QT3j-XZKX-5O8_jS800m3f69bnsKDL7lw | E20: =IFERROR(__xludf.DUMMYFUNCTION("""COMPUTED_VALUE"""),"1OmnbU2f0aXljqhgz4fTmiAjtEt-JJYai") -> 1OmnbU2f0aXljqhgz4fTmiAjtEt-JJYai | I20: =I8 -> diseña soluciones de sistemas de información geográfica (GIS) y de inteligencia de negocios (BI) utilizando software especializado con el fin de optimizar la visualización y análisis de datos estratégicos
A21: =IFERROR(__xludf.DUMMYFUNCTION("""COMPUTED_VALUE"""),"771 - Introducción a la Programación y Computación 2") -> 771 - Introducción a la Programación y Computación 2 | B21: =IFERROR(__xludf.DUMMYFUNCTION("""COMPUTED_VALUE"""),"1__RmanO4MiKBpppCFzGzdDC2fWb5cD2m02xjOur_6nk") -> 1__RmanO4MiKBpppCFzGzdDC2fWb5cD2m02xjOur_6nk | C21: =IFERROR(__xludf.DUMMYFUNCTION("""COMPUTED_VALUE"""),"1hwyEeHtTnYmAXwVixwCmwcQ_1S6x1ID8qghxNj_2les") -> 1hwyEeHtTnYmAXwVixwCmwcQ_1S6x1ID8qghxNj_2les | D21: =IFERROR(__xludf.DUMMYFUNCTION("""COMPUTED_VALUE"""),"1u-w0HNCWqujufP7pN3mFHcpWgitZrec1rkML6inpQK4") -> 1u-w0HNCWqujufP7pN3mFHcpWgitZrec1rkML6inpQK4 | E21: =IFERROR(__xludf.DUMMYFUNCTION("""COMPUTED_VALUE"""),"1cHaBQxjzhcYUkXb4b-PtA5PT2axoYWIL") -> 1cHaBQxjzhcYUkXb4b-PtA5PT2axoYWIL | I21: =I10 -> combina técnicas de trabajo en equipo y colaboración interdisciplinaria empleando metodologías ágiles de gestión de proyectos con el fin de fomentar la innovación y eficiencia organizacional
A22: =IFERROR(__xludf.DUMMYFUNCTION("""COMPUTED_VALUE"""),"112 - Área Matemática Intermedia 2") -> 112 - Área Matemática Intermedia 2 | I22: =I12 -> valida metodologías de gestión del cambio y rediseño de procesos organizativos utilizando modelos de cambio organizativo y técnicas de reingeniería con el fin de garantizar la incorporación efectiva de las TIC
A23: =IFERROR(__xludf.DUMMYFUNCTION("""COMPUTED_VALUE"""),"114 - Área Matemática Intermedia 3") -> 114 - Área Matemática Intermedia 3 | I23: =I14 -> contrasta ideas, soluciones y propuestas relacionadas con sistemas de información utilizando herramientas de comunicación efectiva con el fin de facilitar la colaboración y comprensión en la organización
A24: =IFERROR(__xludf.DUMMYFUNCTION("""COMPUTED_VALUE"""),"152 - Física 2") -> 152 - Física 2
A25: =IFERROR(__xludf.DUMMYFUNCTION("""COMPUTED_VALUE"""),"10 - Lógica") -> 10 - Lógica
A26: =IFERROR(__xludf.DUMMYFUNCTION("""COMPUTED_VALUE"""),"11 - Idioma Técnico 4") -> 11 - Idioma Técnico 4
A27: =IFERROR(__xludf.DUMMYFUNCTION("""COMPUTED_VALUE"""),"2025 - Prácticas Iniciales") -> 2025 - Prácticas Iniciales
A28: =IFERROR(__xludf.DUMMYFUNCTION("""COMPUTED_VALUE"""),"732 - Estadística 1") -> 732 - Estadística 1
A29: =IFERROR(__xludf.DUMMYFUNCTION("""COMPUTED_VALUE"""),"777 - Organización de Lenguajes y Compiladores 1") -> 777 - Organización de Lenguajes y Compiladores 1 | B29: =IFERROR(__xludf.DUMMYFUNCTION("""COMPUTED_VALUE"""),"1sMJr8kYIDF7fR6Jn6GMDZp8CdJCeGqxbVA5UTdBCrkM") -> 1sMJr8kYIDF7fR6Jn6GMDZp8CdJCeGqxbVA5UTdBCrkM | C29: =IFERROR(__xludf.DUMMYFUNCTION("""COMPUTED_VALUE"""),"1sznB5glJmAKD25Jh38PR_uvVmYLeupPdQfr5Z_cGdy0") -> 1sznB5glJmAKD25Jh38PR_uvVmYLeupPdQfr5Z_cGdy0 | D29: =IFERROR(__xludf.DUMMYFUNCTION("""COMPUTED_VALUE"""),"1kBA4IGrUYJDRe0Y1euEq_2KSZ_6qIOJf4ChyOoB7-bw") -> 1kBA4IGrUYJDRe0Y1euEq_2KSZ_6qIOJf4ChyOoB7-bw | E29: =IFERROR(__xludf.DUMMYFUNCTION("""COMPUTED_VALUE"""),"14tEUE8qfBh4CI8Qotf2UbaoJFzpnWz0r") -> 14tEUE8qfBh4CI8Qotf2UbaoJFzpnWz0r
A30: =IFERROR(__xludf.DUMMYFUNCTION("""COMPUTED_VALUE"""),"964 - Organización Computacional") -> 964 - Organización Computacional | B30: =IFERROR(__xludf.DUMMYFUNCTION("""COMPUTED_VALUE"""),"1daYmFoqU1khKZXb4p_ygv5jH4tkv8-tTjdTDSUh72F0") -> 1daYmFoqU1khKZXb4p_ygv5jH4tkv8-tTjdTDSUh72F0 | C30: =IFERROR(__xludf.DUMMYFUNCTION("""COMPUTED_VALUE"""),"1Iu2w--EUMRmqIHGvbgJsupMFeebEMTKXZFzhrwGZtOs") -> 1Iu2w--EUMRmqIHGvbgJsupMFeebEMTKXZFzhrwGZtOs | D30: =IFERROR(__xludf.DUMMYFUNCTION("""COMPUTED_VALUE"""),"1gqR4HPKEldyIGuEb4K6wpzCwLjthMqCU81C5lPPJfYo") -> 1gqR4HPKEldyIGuEb4K6wpzCwLjthMqCU81C5lPPJfYo | E30: =IFERROR(__xludf.DUMMYFUNCTION("""COMPUTED_VALUE"""),"168JiBG-dVAZLw3Z00Wh0GzOSNJ7yxpVe") -> 168JiBG-dVAZLw3Z00Wh0GzOSNJ7yxpVe
A31: =IFERROR(__xludf.DUMMYFUNCTION("""COMPUTED_VALUE"""),"772 - Estructuras de Datos") -> 772 - Estructuras de Datos | B31: =IFERROR(__xludf.DUMMYFUNCTION("""COMPUTED_VALUE"""),"1rTNY7hLmB5N26Z2z6EtF0axcaKKizdu0eLKqLiwUhto") -> 1rTNY7hLmB5N26Z2z6EtF0axcaKKizdu0eLKqLiwUhto | C31: =IFERROR(__xludf.DUMMYFUNCTION("""COMPUTED_VALUE"""),"1e8AAZ395NIODTRjmbwP3Bvdb1OJlsJawLywq7NixwcM") -> 1e8AAZ395NIODTRjmbwP3Bvdb1OJlsJawLywq7NixwcM | D31: =IFERROR(__xludf.DUMMYFUNCTION("""COMPUTED_VALUE"""),"1PVCPYoBYbA64z-ceE8HVIWfvtziNTX_CeNB1XrAFUmk") -> 1PVCPYoBYbA64z-ceE8HVIWfvtziNTX_CeNB1XrAFUmk | E31: =IFERROR(__xludf.DUMMYFUNCTION("""COMPUTED_VALUE"""),"1E0q2biUjzF_2MGRSFGlAtpUs_jiKeYCi") -> 1E0q2biUjzF_2MGRSFGlAtpUs_jiKeYCi
A32: =IFERROR(__xludf.DUMMYFUNCTION("""COMPUTED_VALUE"""),"116 - Matemática Aplicada 3") -> 116 - Matemática Aplicada 3
A33: =IFERROR(__xludf.DUMMYFUNCTION("""COMPUTED_VALUE"""),"118 - Matemática Aplicada 1") -> 118 - Matemática Aplicada 1
A34: =IFERROR(__xludf.DUMMYFUNCTION("""COMPUTED_VALUE"""),"18 - Filosofía de la Ciencia") -> 18 - Filosofía de la Ciencia
A35: =IFERROR(__xludf.DUMMYFUNCTION("""COMPUTED_VALUE"""),"722 - Teoría de Sistemas 1") -> 722 - Teoría de Sistemas 1 | B35: =IFERROR(__xludf.DUMMYFUNCTION("""COMPUTED_VALUE"""),"1npGvBttUX2JHkjnmDRQmNhZacltUudlNKCQsLV09BaU") -> 1npGvBttUX2JHkjnmDRQmNhZacltUudlNKCQsLV09BaU | C35: =IFERROR(__xludf.DUMMYFUNCTION("""COMPUTED_VALUE"""),"1hMUPf0qs2ca-iLxfgxe8cYMynK4MJCa34p7GqRHJXbE") -> 1hMUPf0qs2ca-iLxfgxe8cYMynK4MJCa34p7GqRHJXbE | D35: =IFERROR(__xludf.DUMMYFUNCTION("""COMPUTED_VALUE"""),"1ATHMFdf0XbWCqh2hcVgPbB3YAnr637GqzneY0kwZPXs") -> 1ATHMFdf0XbWCqh2hcVgPbB3YAnr637GqzneY0kwZPXs | E35: =IFERROR(__xludf.DUMMYFUNCTION("""COMPUTED_VALUE"""),"1me1nH7wLH9V0Y0D1dBAqO-cxBMvcPd1a") -> 1me1nH7wLH9V0Y0D1dBAqO-cxBMvcPd1a
A36: =IFERROR(__xludf.DUMMYFUNCTION("""COMPUTED_VALUE"""),"601 - Investigación de Operaciones 1") -> 601 - Investigación de Operaciones 1
A37: =IFERROR(__xludf.DUMMYFUNCTION("""COMPUTED_VALUE"""),"14 - Economía") -> 14 - Economía | B37: =IFERROR(__xludf.DUMMYFUNCTION("""COMPUTED_VALUE"""),"169ieOogZaXHMs_PddYQfqqWTOgqfbgT1NUf8dchmb4U") -> 169ieOogZaXHMs_PddYQfqqWTOgqfbgT1NUf8dchmb4U | C37: =IFERROR(__xludf.DUMMYFUNCTION("""COMPUTED_VALUE"""),"1aRV1pjb7CPc1NcugRe2l92I-OqNZYb_4YmhuHZtvXzs") -> 1aRV1pjb7CPc1NcugRe2l92I-OqNZYb_4YmhuHZtvXzs | D37: =IFERROR(__xludf.DUMMYFUNCTION("""COMPUTED_VALUE"""),"1pajOO3AWmOi1jPG43utDMvSL31e0t1UDzgvEQYveS28") -> 1pajOO3AWmOi1jPG43utDMvSL31e0t1UDzgvEQYveS28 | E37: =IFERROR(__xludf.DUMMYFUNCTION("""COMPUTED_VALUE"""),"1WqxKIBh1lpbr01vS0jn_ragnl3d_04zY") -> 1WqxKIBh1lpbr01vS0jn_ragnl3d_04zY
A38: =IFERROR(__xludf.DUMMYFUNCTION("""COMPUTED_VALUE"""),"781 - Organización de Lenguajes y Compiladores 2") -> 781 - Organización de Lenguajes y Compiladores 2 | B38: =IFERROR(__xludf.DUMMYFUNCTION("""COMPUTED_VALUE"""),"18dQYgiKWkpI2wogupgHf8u3PbCa0cKqMH6-ZsAIhLPw") -> 18dQYgiKWkpI2wogupgHf8u3PbCa0cKqMH6-ZsAIhLPw | C38: =IFERROR(__xludf.DUMMYFUNCTION("""COMPUTED_VALUE"""),"1FvDr2nu5sW0gxDkpPanB4sWbi78KZCAhc6wrywlrvlE") -> 1FvDr2nu5sW0gxDkpPanB4sWbi78KZCAhc6wrywlrvlE | D38: =IFERROR(__xludf.DUMMYFUNCTION("""COMPUTED_VALUE"""),"1vR-fd-_MbOLAfMSv4L0B7CMj6jdlTkOQCD95r1XcqZI") -> 1vR-fd-_MbOLAfMSv4L0B7CMj6jdlTkOQCD95r1XcqZI | E38: =IFERROR(__xludf.DUMMYFUNCTION("""COMPUTED_VALUE"""),"1OpTiDYbGu0wNKI3xw8Lxhx1c4euS0YR9") -> 1OpTiDYbGu0wNKI3xw8Lxhx1c4euS0YR9
A39: =IFERROR(__xludf.DUMMYFUNCTION("""COMPUTED_VALUE"""),"778 - Arquitectura de Computadoras y Ensambladores 1") -> 778 - Arquitectura de Computadoras y Ensambladores 1 | B39: =IFERROR(__xludf.DUMMYFUNCTION("""COMPUTED_VALUE"""),"13gNb-7XS_aMptaL1TLnLB5k06Y_okRzOgjzOxLHNuiI") -> 13gNb-7XS_aMptaL1TLnLB5k06Y_okRzOgjzOxLHNuiI | C39: =IFERROR(__xludf.DUMMYFUNCTION("""COMPUTED_VALUE"""),"1dlO25kugHQowRwF3LcOkrFuLGg-hP9mn9OW7x7GssMc") -> 1dlO25kugHQowRwF3LcOkrFuLGg-hP9mn9OW7x7GssMc | D39: =IFERROR(__xludf.DUMMYFUNCTION("""COMPUTED_VALUE"""),"1jMElka7Ve71KPvj9i1bHpM_BAVnEwEXLC-W_04LIFGg") -> 1jMElka7Ve71KPvj9i1bHpM_BAVnEwEXLC-W_04LIFGg | E39: =IFERROR(__xludf.DUMMYFUNCTION("""COMPUTED_VALUE"""),"1vPaqqtPi3QjCFIUp-K5im-qBz572iNPY") -> 1vPaqqtPi3QjCFIUp-K5im-qBz572iNPY
A40: =IFERROR(__xludf.DUMMYFUNCTION("""COMPUTED_VALUE"""),"773 - Manejo e Implementación de Archivos") -> 773 - Manejo e Implementación de Archivos | B40: =IFERROR(__xludf.DUMMYFUNCTION("""COMPUTED_VALUE"""),"1VDaIod2C3XfezxQfz50xvWZ9yVVdVvNIqd-1xbJmaD8") -> 1VDaIod2C3XfezxQfz50xvWZ9yVVdVvNIqd-1xbJmaD8 | C40: =IFERROR(__xludf.DUMMYFUNCTION("""COMPUTED_VALUE"""),"1MkqyTtzzzyQyC--twNt__AoC_Sd0UBC67j0f9nktivE") -> 1MkqyTtzzzyQyC--twNt__AoC_Sd0UBC67j0f9nktivE | D40: =IFERROR(__xludf.DUMMYFUNCTION("""COMPUTED_VALUE"""),"1TN3z_RT4NXTQfbj6qQEFc9gmXRHLB6-fy_oyWA0RHdU") -> 1TN3z_RT4NXTQfbj6qQEFc9gmXRHLB6-fy_oyWA0RHdU | E40: =IFERROR(__xludf.DUMMYFUNCTION("""COMPUTED_VALUE"""),"1Nn4F-GdSnEftvTXSfmVRSNkPuH0v1E3D") -> 1Nn4F-GdSnEftvTXSfmVRSNkPuH0v1E3D
A41: =IFERROR(__xludf.DUMMYFUNCTION("""COMPUTED_VALUE"""),"122 - Matemática Aplicada 4") -> 122 - Matemática Aplicada 4
A42: =IFERROR(__xludf.DUMMYFUNCTION("""COMPUTED_VALUE"""),"120 - Matemática Aplicada 2") -> 120 - Matemática Aplicada 2
A43: =IFERROR(__xludf.DUMMYFUNCTION("""COMPUTED_VALUE"""),"200 - Ingeniería Eléctrica 1") -> 200 - Ingeniería Eléctrica 1
A44: =IFERROR(__xludf.DUMMYFUNCTION("""COMPUTED_VALUE"""),"724 - Teoría de Sistemas 2") -> 724 - Teoría de Sistemas 2 | B44: =IFERROR(__xludf.DUMMYFUNCTION("""COMPUTED_VALUE"""),"1Oh-yJJ9oc8SdDPJao-u31YXfwOPrsifu2o1a7Sf2-9k") -> 1Oh-yJJ9oc8SdDPJao-u31YXfwOPrsifu2o1a7Sf2-9k | C44: =IFERROR(__xludf.DUMMYFUNCTION("""COMPUTED_VALUE"""),"1O2rxycdV4XrytI_g4llqenReY8-rYp3frKI7rd6fNMI") -> 1O2rxycdV4XrytI_g4llqenReY8-rYp3frKI7rd6fNMI | D44: =IFERROR(__xludf.DUMMYFUNCTION("""COMPUTED_VALUE"""),"1uWuKRV1yUDuRgCMclGBs18DlrkJbY-3RrPrV1PnXLeM") -> 1uWuKRV1yUDuRgCMclGBs18DlrkJbY-3RrPrV1PnXLeM | E44: =IFERROR(__xludf.DUMMYFUNCTION("""COMPUTED_VALUE"""),"1EQVlwt_Q14_MHhr3GeYfJvtnySQAorrC") -> 1EQVlwt_Q14_MHhr3GeYfJvtnySQAorrC
A45: =IFERROR(__xludf.DUMMYFUNCTION("""COMPUTED_VALUE"""),"603 - Investigación de Operaciones 2") -> 603 - Investigación de Operaciones 2
A46: =IFERROR(__xludf.DUMMYFUNCTION("""COMPUTED_VALUE"""),"734 - Estadística 2") -> 734 - Estadística 2
A47: =IFERROR(__xludf.DUMMYFUNCTION("""COMPUTED_VALUE"""),"281 - Sistemas Operativos 1") -> 281 - Sistemas Operativos 1 | B47: =IFERROR(__xludf.DUMMYFUNCTION("""COMPUTED_VALUE"""),"1RAzDRLQZEv8Ck7PxnFQbrklrekiw5bDJFX0wgP7vFSQ") -> 1RAzDRLQZEv8Ck7PxnFQbrklrekiw5bDJFX0wgP7vFSQ | C47: =IFERROR(__xludf.DUMMYFUNCTION("""COMPUTED_VALUE"""),"145JPmfq4pDEEE_ipNtWzYQNDVrAg9WOQ9ocmZu_NegE") -> 145JPmfq4pDEEE_ipNtWzYQNDVrAg9WOQ9ocmZu_NegE | D47: =IFERROR(__xludf.DUMMYFUNCTION("""COMPUTED_VALUE"""),"1HE-c5k7b7a4sV8kZRb8whPINiB0Q_xMq-7-LwYVSiEA") -> 1HE-c5k7b7a4sV8kZRb8whPINiB0Q_xMq-7-LwYVSiEA | E47: =IFERROR(__xludf.DUMMYFUNCTION("""COMPUTED_VALUE"""),"1n0J1NqUgfuTdZBYJs6ClPsEPAT-BsF53") -> 1n0J1NqUgfuTdZBYJs6ClPsEPAT-BsF53
A48: =IFERROR(__xludf.DUMMYFUNCTION("""COMPUTED_VALUE"""),"779 - Arquitectura de Computadoras y Ensambladores 2") -> 779 - Arquitectura de Computadoras y Ensambladores 2 | B48: =IFERROR(__xludf.DUMMYFUNCTION("""COMPUTED_VALUE"""),"1_uxBhWcRvgBlCjf2s6O-Hvly7rBvJyZdswUKwm6KP5Y") -> 1_uxBhWcRvgBlCjf2s6O-Hvly7rBvJyZdswUKwm6KP5Y | C48: =IFERROR(__xludf.DUMMYFUNCTION("""COMPUTED_VALUE"""),"1dqk67SNWBGb15fqe17ZBfmxUg9pla5H7nqVOrGHYEJ4") -> 1dqk67SNWBGb15fqe17ZBfmxUg9pla5H7nqVOrGHYEJ4 | D48: =IFERROR(__xludf.DUMMYFUNCTION("""COMPUTED_VALUE"""),"1I4Bx-1TpNE382Kclmp7qlhsORNllFJ6iza9or1MYlQM") -> 1I4Bx-1TpNE382Kclmp7qlhsORNllFJ6iza9or1MYlQM | E48: =IFERROR(__xludf.DUMMYFUNCTION("""COMPUTED_VALUE"""),"1fb6OBuOK__kn1iOUatpXGXqw-Xx2KUF3") -> 1fb6OBuOK__kn1iOUatpXGXqw-Xx2KUF3
A49: =IFERROR(__xludf.DUMMYFUNCTION("""COMPUTED_VALUE"""),"970 - Redes de Computadoras 1") -> 970 - Redes de Computadoras 1 | B49: =IFERROR(__xludf.DUMMYFUNCTION("""COMPUTED_VALUE"""),"1z_6lSkIcVZpEVQ4tR8c-eSvVvTxWsXwhmFojsLWeBGc") -> 1z_6lSkIcVZpEVQ4tR8c-eSvVvTxWsXwhmFojsLWeBGc | C49: =IFERROR(__xludf.DUMMYFUNCTION("""COMPUTED_VALUE"""),"18wRQLI8Pz51ZFEFWKE1SD6XVhlxOdJa1PpxDFo2dRT4") -> 18wRQLI8Pz51ZFEFWKE1SD6XVhlxOdJa1PpxDFo2dRT4 | D49: =IFERROR(__xludf.DUMMYFUNCTION("""COMPUTED_VALUE"""),"1i-Uona9IG1TfHaWeowvwDDQBbBF5rm-kKLnZwWQbchA") -> 1i-Uona9IG1TfHaWeowvwDDQBbBF5rm-kKLnZwWQbchA | E49: =IFERROR(__xludf.DUMMYFUNCTION("""COMPUTED_VALUE"""),"1MyEh58_aw-4JAg_UmiHarHdZJMAoZYFg") -> 1MyEh58_aw-4JAg_UmiHarHdZJMAoZYFg
A50: =IFERROR(__xludf.DUMMYFUNCTION("""COMPUTED_VALUE"""),"774 - Sistemas de Bases de Datos 1") -> 774 - Sistemas de Bases de Datos 1 | B50: =IFERROR(__xludf.DUMMYFUNCTION("""COMPUTED_VALUE"""),"1h1zzA1-Xq9ihet57bP4f0PLQnKeojJUanhgpuP67hKs") -> 1h1zzA1-Xq9ihet57bP4f0PLQnKeojJUanhgpuP67hKs | C50: =IFERROR(__xludf.DUMMYFUNCTION("""COMPUTED_VALUE"""),"1xYInTWRmhz45q5vjazDVsb1EGOCbYqibWRBgZMK1g2I") -> 1xYInTWRmhz45q5vjazDVsb1EGOCbYqibWRBgZMK1g2I | D50: =IFERROR(__xludf.DUMMYFUNCTION("""COMPUTED_VALUE"""),"1ab_tQ3tdHfx3wTYZggg6topYWfMdNDjc_9Pl6gMgeY0") -> 1ab_tQ3tdHfx3wTYZggg6topYWfMdNDjc_9Pl6gMgeY0 | E50: =IFERROR(__xludf.DUMMYFUNCTION("""COMPUTED_VALUE"""),"1a0bdit9CmOXEhJOXc35cohqfdNKmMAzD") -> 1a0bdit9CmOXEhJOXc35cohqfdNKmMAzD
A51: =IFERROR(__xludf.DUMMYFUNCTION("""COMPUTED_VALUE"""),"2036 - Prácticas Intermedias") -> 2036 - Prácticas Intermedias
A52: =IFERROR(__xludf.DUMMYFUNCTION("""COMPUTED_VALUE"""),"285 - Sistemas Operativos 2") -> 285 - Sistemas Operativos 2 | B52: =IFERROR(__xludf.DUMMYFUNCTION("""COMPUTED_VALUE"""),"1VCx3jdfVNJvtMfY5j_W624CAT1QxC-9qVw_ts_erFM8") -> 1VCx3jdfVNJvtMfY5j_W624CAT1QxC-9qVw_ts_erFM8 | C52: =IFERROR(__xludf.DUMMYFUNCTION("""COMPUTED_VALUE"""),"1ssmi68Gibgtkl07Zn0H_wQWjqhj_SfcpUhCdmyvVjb4") -> 1ssmi68Gibgtkl07Zn0H_wQWjqhj_SfcpUhCdmyvVjb4 | D52: =IFERROR(__xludf.DUMMYFUNCTION("""COMPUTED_VALUE"""),"1bIFK2VHNoCYqh3rnNBIgLzQpv40VUWzyYaRVu-gQbTI") -> 1bIFK2VHNoCYqh3rnNBIgLzQpv40VUWzyYaRVu-gQbTI | E52: =IFERROR(__xludf.DUMMYFUNCTION("""COMPUTED_VALUE"""),"1q8mN6aa9bhjGWUIaszZNHjuEk-b6qckg") -> 1q8mN6aa9bhjGWUIaszZNHjuEk-b6qckg
A53: =IFERROR(__xludf.DUMMYFUNCTION("""COMPUTED_VALUE"""),"975 - Redes de Computadoras 2") -> 975 - Redes de Computadoras 2 | B53: =IFERROR(__xludf.DUMMYFUNCTION("""COMPUTED_VALUE"""),"1JcTacSIMIoXQmOixc1cssvrK_MVzZYH-Yo4FFSny6Nk") -> 1JcTacSIMIoXQmOixc1cssvrK_MVzZYH-Yo4FFSny6Nk | C53: =IFERROR(__xludf.DUMMYFUNCTION("""COMPUTED_VALUE"""),"1JLgRGqqoVVNY2eFrI2m3ylhPGOUPiyZN7_tK8VnOywQ") -> 1JLgRGqqoVVNY2eFrI2m3ylhPGOUPiyZN7_tK8VnOywQ | D53: =IFERROR(__xludf.DUMMYFUNCTION("""COMPUTED_VALUE"""),"1IL8QCca0XDIN9zPNoVS7hKBCHZQ9eh42iA_U0q-_ktQ") -> 1IL8QCca0XDIN9zPNoVS7hKBCHZQ9eh42iA_U0q-_ktQ | E53: =IFERROR(__xludf.DUMMYFUNCTION("""COMPUTED_VALUE"""),"1gu0dvm6zoJE2RmJVBG6ZIV_BFoLoxJfB") -> 1gu0dvm6zoJE2RmJVBG6ZIV_BFoLoxJfB
A54: =IFERROR(__xludf.DUMMYFUNCTION("""COMPUTED_VALUE"""),"775 - Sistemas de Bases de Datos 2") -> 775 - Sistemas de Bases de Datos 2 | B54: =IFERROR(__xludf.DUMMYFUNCTION("""COMPUTED_VALUE"""),"1TCVGX95CGGMGYvyB2K8cDve9RSMthqD6Tc1-CrmctiM") -> 1TCVGX95CGGMGYvyB2K8cDve9RSMthqD6Tc1-CrmctiM | C54: =IFERROR(__xludf.DUMMYFUNCTION("""COMPUTED_VALUE"""),"1c8vA2_5i-ARXIPU3ZxB3bwcKRbWh46erGG5KH3wrJyU") -> 1c8vA2_5i-ARXIPU3ZxB3bwcKRbWh46erGG5KH3wrJyU | D54: =IFERROR(__xludf.DUMMYFUNCTION("""COMPUTED_VALUE"""),"17_WFCeqzOngZrZqB-G0qa2RVksxKYCq8VrQTxvdfvyg") -> 17_WFCeqzOngZrZqB-G0qa2RVksxKYCq8VrQTxvdfvyg | E54: =IFERROR(__xludf.DUMMYFUNCTION("""COMPUTED_VALUE"""),"d/1-KBylfOI9IIiZlF-l2dlJlM6PNNdjzFl") -> d/1-KBylfOI9IIiZlF-l2dlJlM6PNNdjzFl
A55: =IFERROR(__xludf.DUMMYFUNCTION("""COMPUTED_VALUE"""),"283 - Análisis y Diseño de Sistemas 1") -> 283 - Análisis y Diseño de Sistemas 1 | B55: =IFERROR(__xludf.DUMMYFUNCTION("""COMPUTED_VALUE"""),"1Y3HF-OxPbgEhNi6pNhbpImrQsH3btlYO6xtsnryrunY") -> 1Y3HF-OxPbgEhNi6pNhbpImrQsH3btlYO6xtsnryrunY | C55: =IFERROR(__xludf.DUMMYFUNCTION("""COMPUTED_VALUE"""),"12umvxFMZmSLGZenSQOXCnUePgu7-gug8FmFRz5MKlkE") -> 12umvxFMZmSLGZenSQOXCnUePgu7-gug8FmFRz5MKlkE | D55: =IFERROR(__xludf.DUMMYFUNCTION("""COMPUTED_VALUE"""),"1gwmb6_MjiG_JUXAI5JWT33vnYBsnPqtoeHWc1yoFWQQ") -> 1gwmb6_MjiG_JUXAI5JWT33vnYBsnPqtoeHWc1yoFWQQ | E55: =IFERROR(__xludf.DUMMYFUNCTION("""COMPUTED_VALUE"""),"1QXb23bY6W9aTRkpiCON7Q0ews5p7hatK") -> 1QXb23bY6W9aTRkpiCON7Q0ews5p7hatK
A56: =IFERROR(__xludf.DUMMYFUNCTION("""COMPUTED_VALUE"""),"797 - Seminario de Sistemas 1") -> 797 - Seminario de Sistemas 1 | B56: =IFERROR(__xludf.DUMMYFUNCTION("""COMPUTED_VALUE"""),"1VXfuZgL8iNYOe8XfW_5s4rVnIq-_Xurqk8xlOGGexqY") -> 1VXfuZgL8iNYOe8XfW_5s4rVnIq-_Xurqk8xlOGGexqY | C56: =IFERROR(__xludf.DUMMYFUNCTION("""COMPUTED_VALUE"""),"1eWOPuodcZlQ4YNCFI3CQ-Zpw7nxkVx7vi3XlMdj8he4") -> 1eWOPuodcZlQ4YNCFI3CQ-Zpw7nxkVx7vi3XlMdj8he4 | D56: =IFERROR(__xludf.DUMMYFUNCTION("""COMPUTED_VALUE"""),"13DUp9JOUZdD2C1BdD-os-W-bLO-jSufbMHC7eJ5PBSo") -> 13DUp9JOUZdD2C1BdD-os-W-bLO-jSufbMHC7eJ5PBSo | E56: =IFERROR(__xludf.DUMMYFUNCTION("""COMPUTED_VALUE"""),"1EnANLnqSuVktTF4SdlpIOuHPbefsIOnc") -> 1EnANLnqSuVktTF4SdlpIOuHPbefsIOnc
A57: =IFERROR(__xludf.DUMMYFUNCTION("""COMPUTED_VALUE"""),"700 - Ingeniería Económica 1") -> 700 - Ingeniería Económica 1
A58: =IFERROR(__xludf.DUMMYFUNCTION("""COMPUTED_VALUE"""),"729 - Modelación y Simulación 1") -> 729 - Modelación y Simulación 1 | B58: =IFERROR(__xludf.DUMMYFUNCTION("""COMPUTED_VALUE"""),"17u8GNz3HZ-i9KS-yxFiuJx9u7OawTwjyLcvLoG_x6W8") -> 17u8GNz3HZ-i9KS-yxFiuJx9u7OawTwjyLcvLoG_x6W8 | C58: =IFERROR(__xludf.DUMMYFUNCTION("""COMPUTED_VALUE"""),"1NFJSyWLsOrGAG7qFKpXyw79GRTTb4abmj-M6aBddS5U") -> 1NFJSyWLsOrGAG7qFKpXyw79GRTTb4abmj-M6aBddS5U | D58: =IFERROR(__xludf.DUMMYFUNCTION("""COMPUTED_VALUE"""),"1toY-3JEeuVBJwRbyxsqyquwh-orXIfZE8KB3e43PXok") -> 1toY-3JEeuVBJwRbyxsqyquwh-orXIfZE8KB3e43PXok | E58: =IFERROR(__xludf.DUMMYFUNCTION("""COMPUTED_VALUE"""),"15sfPZmXt41hGkttgpVICPuKozdPNEJ6A") -> 15sfPZmXt41hGkttgpVICPuKozdPNEJ6A
A59: =IFERROR(__xludf.DUMMYFUNCTION("""COMPUTED_VALUE"""),"786 - Sistemas Organizacionales y Gerenciales 1") -> 786 - Sistemas Organizacionales y Gerenciales 1 | B59: =IFERROR(__xludf.DUMMYFUNCTION("""COMPUTED_VALUE"""),"1VTtCckO64u9REDx8UoxNJrYiavZGQU_hh4HvsOUiqlc") -> 1VTtCckO64u9REDx8UoxNJrYiavZGQU_hh4HvsOUiqlc | C59: =IFERROR(__xludf.DUMMYFUNCTION("""COMPUTED_VALUE"""),"1dMwVEKpg3j4uCN3CqoVXOWkBQbHNw7DIhtU8Bhc5Mqc") -> 1dMwVEKpg3j4uCN3CqoVXOWkBQbHNw7DIhtU8Bhc5Mqc | D59: =IFERROR(__xludf.DUMMYFUNCTION("""COMPUTED_VALUE"""),"1eh447vkO2YeAmVFqKtzinqlk4a4Y1JJKjOtv9eVOlY0") -> 1eh447vkO2YeAmVFqKtzinqlk4a4Y1JJKjOtv9eVOlY0 | E59: =IFERROR(__xludf.DUMMYFUNCTION("""COMPUTED_VALUE"""),"1txIe6LugQ0CGgSIkqRY1UZvHL7CtMqgD") -> 1txIe6LugQ0CGgSIkqRY1UZvHL7CtMqgD
A60: =IFERROR(__xludf.DUMMYFUNCTION("""COMPUTED_VALUE"""),"972 - Inteligencia Artificial 1") -> 972 - Inteligencia Artificial 1 | B60: =IFERROR(__xludf.DUMMYFUNCTION("""COMPUTED_VALUE"""),"1C04a6qH3d2zJVb1hJwa6tsRQVM9LUb_nwyxMovG5tdI") -> 1C04a6qH3d2zJVb1hJwa6tsRQVM9LUb_nwyxMovG5tdI | C60: =IFERROR(__xludf.DUMMYFUNCTION("""COMPUTED_VALUE"""),"1CEh1GcUg3ntzgPT9yUocLDlrLJKmZCCl1MWUrEyfwzg") -> 1CEh1GcUg3ntzgPT9yUocLDlrLJKmZCCl1MWUrEyfwzg | D60: =IFERROR(__xludf.DUMMYFUNCTION("""COMPUTED_VALUE"""),"1oncZrzGawvfNWTdhWsLhXGKvrApliYXhCf81eUnkV20") -> 1oncZrzGawvfNWTdhWsLhXGKvrApliYXhCf81eUnkV20 | E60: =IFERROR(__xludf.DUMMYFUNCTION("""COMPUTED_VALUE"""),"1eMKEvvWQ4yFq38z3ks0ZmIZ43xAVGgyM") -> 1eMKEvvWQ4yFq38z3ks0ZmIZ43xAVGgyM
A61: =IFERROR(__xludf.DUMMYFUNCTION("""COMPUTED_VALUE"""),"966 - Seguridad y Auditoría de Redes de Computadoras") -> 966 - Seguridad y Auditoría de Redes de Computadoras
A62: =IFERROR(__xludf.DUMMYFUNCTION("""COMPUTED_VALUE"""),"785 - Análisis y Diseño de Sistemas 2") -> 785 - Análisis y Diseño de Sistemas 2 | B62: =IFERROR(__xludf.DUMMYFUNCTION("""COMPUTED_VALUE"""),"1_ufF1kvClwUUTsCz0V0fLuXjs_JRZWRSMCWkUEd8co4") -> 1_ufF1kvClwUUTsCz0V0fLuXjs_JRZWRSMCWkUEd8co4 | C62: =IFERROR(__xludf.DUMMYFUNCTION("""COMPUTED_VALUE"""),"1HaBdPkxZx1GRiw5WlqxQhbxPWuW-mZVFEoUho7tsLDY") -> 1HaBdPkxZx1GRiw5WlqxQhbxPWuW-mZVFEoUho7tsLDY
A63: =IFERROR(__xludf.DUMMYFUNCTION("""COMPUTED_VALUE"""),"798 - Seminario de Sistemas 2") -> 798 - Seminario de Sistemas 2 | B63: =IFERROR(__xludf.DUMMYFUNCTION("""COMPUTED_VALUE"""),"1v6hbJdWzxkj7s5D7oM894pu3kMAvhEZGXUMfRFv7yKQ") -> 1v6hbJdWzxkj7s5D7oM894pu3kMAvhEZGXUMfRFv7yKQ | C63: =IFERROR(__xludf.DUMMYFUNCTION("""COMPUTED_VALUE"""),"1LxPO_wuZRiAXrS1EicVG-gQWzjILKll8Nqvs3MS7G_k") -> 1LxPO_wuZRiAXrS1EicVG-gQWzjILKll8Nqvs3MS7G_k | D63: =IFERROR(__xludf.DUMMYFUNCTION("""COMPUTED_VALUE"""),"1BWLmO3asfl7g244aKrskvOVVUItkuDglmE1c2bmkR30") -> 1BWLmO3asfl7g244aKrskvOVVUItkuDglmE1c2bmkR30 | E63: =IFERROR(__xludf.DUMMYFUNCTION("""COMPUTED_VALUE"""),"1Aq8boJeyyodIKEdkrfe9fWB5RIGSLDb5") -> 1Aq8boJeyyodIKEdkrfe9fWB5RIGSLDb5
A64: =IFERROR(__xludf.DUMMYFUNCTION("""COMPUTED_VALUE"""),"788 - Sistemas Aplicados 1") -> 788 - Sistemas Aplicados 1
A65: =IFERROR(__xludf.DUMMYFUNCTION("""COMPUTED_VALUE"""),"776 - Bases de Datos Avanzadas") -> 776 - Bases de Datos Avanzadas | B65: =IFERROR(__xludf.DUMMYFUNCTION("""COMPUTED_VALUE"""),"1SZ2dJz29IsruB5vMYQ514xwGe6wyVx6cjMu_iwnHpFo") -> 1SZ2dJz29IsruB5vMYQ514xwGe6wyVx6cjMu_iwnHpFo
A66: =IFERROR(__xludf.DUMMYFUNCTION("""COMPUTED_VALUE"""),"2009 - Prácticas Finales Ingeniería Ciencias y Sistemas") -> 2009 - Prácticas Finales Ingeniería Ciencias y Sistemas
A67: =IFERROR(__xludf.DUMMYFUNCTION("""COMPUTED_VALUE"""),"720 - Modelación y Simulación 2") -> 720 - Modelación y Simulación 2 | B67: =IFERROR(__xludf.DUMMYFUNCTION("""COMPUTED_VALUE"""),"1ebc3-I4AbsLDHtzhtolQz7pqZDPvmSE0yZJu1xY6lLY") -> 1ebc3-I4AbsLDHtzhtolQz7pqZDPvmSE0yZJu1xY6lLY | C67: =IFERROR(__xludf.DUMMYFUNCTION("""COMPUTED_VALUE"""),"1VnSdYE6hCH1oAG4XdaAltDp-IuIjLZzv9KdrOGh2-0Y") -> 1VnSdYE6hCH1oAG4XdaAltDp-IuIjLZzv9KdrOGh2-0Y | D67: =IFERROR(__xludf.DUMMYFUNCTION("""COMPUTED_VALUE"""),"1LLT4wjh6eEkdi7y6_yd99pbR2Q8NPBHYmsciMZpRqUE") -> 1LLT4wjh6eEkdi7y6_yd99pbR2Q8NPBHYmsciMZpRqUE | E67: =IFERROR(__xludf.DUMMYFUNCTION("""COMPUTED_VALUE"""),"11D7BpB1NYAQLsl-xomWKo7ibetJ_b2JE") -> 11D7BpB1NYAQLsl-xomWKo7ibetJ_b2JE
A68: =IFERROR(__xludf.DUMMYFUNCTION("""COMPUTED_VALUE"""),"787 - Sistemas Organizacionales y Gerenciales 2") -> 787 - Sistemas Organizacionales y Gerenciales 2 | B68: =IFERROR(__xludf.DUMMYFUNCTION("""COMPUTED_VALUE"""),"1KpYHYX_EAJ-h4GLtSoCT8Rqz-xU4Qh5pUnEiPyxmEZA") -> 1KpYHYX_EAJ-h4GLtSoCT8Rqz-xU4Qh5pUnEiPyxmEZA | C68: =IFERROR(__xludf.DUMMYFUNCTION("""COMPUTED_VALUE"""),"106SYnPHxQ47_qT62NOXndjd6mPwE7LV7AXR9D4-euB8") -> 106SYnPHxQ47_qT62NOXndjd6mPwE7LV7AXR9D4-euB8 | D68: =IFERROR(__xludf.DUMMYFUNCTION("""COMPUTED_VALUE"""),"1uo3-u0rbLWUGIyMydUz-lOWpj7xdx2oKwNH9T1cU12A") -> 1uo3-u0rbLWUGIyMydUz-lOWpj7xdx2oKwNH9T1cU12A | E68: =IFERROR(__xludf.DUMMYFUNCTION("""COMPUTED_VALUE"""),"1wmyYrKnHpQJd0Iebc9cCHZwq93Te5Iq8") -> 1wmyYrKnHpQJd0Iebc9cCHZwq93Te5Iq8
A69: =IFERROR(__xludf.DUMMYFUNCTION("""COMPUTED_VALUE"""),"790 - Emprendedores de Negocios Informáticos") -> 790 - Emprendedores de Negocios Informáticos
A70: =IFERROR(__xludf.DUMMYFUNCTION("""COMPUTED_VALUE"""),"968 - Inteligencia Artificial 2") -> 968 - Inteligencia Artificial 2
A71: =IFERROR(__xludf.DUMMYFUNCTION("""COMPUTED_VALUE"""),"974 - Redes de Nueva Generación") -> 974 - Redes de Nueva Generación
A72: =IFERROR(__xludf.DUMMYFUNCTION("""COMPUTED_VALUE"""),"780 - Software Avanzado") -> 780 - Software Avanzado | B72: =IFERROR(__xludf.DUMMYFUNCTION("""COMPUTED_VALUE"""),"1SZ2dJz29IsruB5vMYQ514xwGe6wyVx6cjMu_iwnHpFo") -> 1SZ2dJz29IsruB5vMYQ514xwGe6wyVx6cjMu_iwnHpFo | C72: =IFERROR(__xludf.DUMMYFUNCTION("""COMPUTED_VALUE"""),"13JrqVT0c3I6SzCOF1sKpi1qJKOryNTT4TsCaNwuV-24") -> 13JrqVT0c3I6SzCOF1sKpi1qJKOryNTT4TsCaNwuV-24 | D72: =IFERROR(__xludf.DUMMYFUNCTION("""COMPUTED_VALUE"""),"1QVpX8zi83Rr6KfcUvSEKp9NqRCfEFmL1eZ88Oeeolto") -> 1QVpX8zi83Rr6KfcUvSEKp9NqRCfEFmL1eZ88Oeeolto | E72: =IFERROR(__xludf.DUMMYFUNCTION("""COMPUTED_VALUE"""),"1j6tUIPNPfK0lVrpQxNZKyB23LcXzn5Ge") -> 1j6tUIPNPfK0lVrpQxNZKyB23LcXzn5Ge
A73: =IFERROR(__xludf.DUMMYFUNCTION("""COMPUTED_VALUE"""),"789 - Sistemas Aplicados 2") -> 789 - Sistemas Aplicados 2
A74: =IFERROR(__xludf.DUMMYFUNCTION("""COMPUTED_VALUE"""),"735 - Auditoría de Proyectos de Software") -> 735 - Auditoría de Proyectos de Software
A75: =IFERROR(__xludf.DUMMYFUNCTION("""COMPUTED_VALUE"""),"7999 - Seminario de Investigación EPS Sistemas") -> 7999 - Seminario de Investigación EPS Sistemas
A76: =IFERROR(__xludf.DUMMYFUNCTION("""COMPUTED_VALUE"""),"799 - Seminario de Investigación") -> 799 - Seminario de Investigación
A77: =IFERROR(__xludf.DUMMYFUNCTION("""COMPUTED_VALUE"""),"90 - Programacion de Computadoras 1") -> 90 - Programacion de Computadoras 1 | B77: =IFERROR(__xludf.DUMMYFUNCTION("""COMPUTED_VALUE"""),"1qvDDGj5yCc7f5CzNszeAsW2HPXfptQjvWIcbjskCMYM") -> 1qvDDGj5yCc7f5CzNszeAsW2HPXfptQjvWIcbjskCMYM | C77: =IFERROR(__xludf.DUMMYFUNCTION("""COMPUTED_VALUE"""),"1YPGQg3r0TE0ZsibgKarHMDVR2FLaHLC0G5O84_GpNhw") -> 1YPGQg3r0TE0ZsibgKarHMDVR2FLaHLC0G5O84_GpNhw | D77: =IFERROR(__xludf.DUMMYFUNCTION("""COMPUTED_VALUE"""),"1A_jprbCHQlF7SUg-tly0Ak7hJtMh8U9qL3lUg0S2T4U") -> 1A_jprbCHQlF7SUg-tly0Ak7hJtMh8U9qL3lUg0S2T4U | E77: =IFERROR(__xludf.DUMMYFUNCTION("""COMPUTED_VALUE"""),"1QT0XgtJhS0WdXvrmJ9l5fhkQxyPS7eMI") -> 1QT0XgtJhS0WdXvrmJ9l5fhkQxyPS7eMI
A78: =IFERROR(__xludf.DUMMYFUNCTION("""COMPUTED_VALUE"""),"92 - Programacion de Computadoras 2") -> 92 - Programacion de Computadoras 2 | B78: =IFERROR(__xludf.DUMMYFUNCTION("""COMPUTED_VALUE"""),"1SCiXODhHsEGBVGnnYk9ZrO_gSOSvcGwu7lDEJBfLaEw") -> 1SCiXODhHsEGBVGnnYk9ZrO_gSOSvcGwu7lDEJBfLaEw | C78: =IFERROR(__xludf.DUMMYFUNCTION("""COMPUTED_VALUE"""),"1Bf3nWt47xcnM3VU3BvJaD4AcWQd-1GK4pJm4b69PzDk") -> 1Bf3nWt47xcnM3VU3BvJaD4AcWQd-1GK4pJm4b69PzDk | D78: =IFERROR(__xludf.DUMMYFUNCTION("""COMPUTED_VALUE"""),"1DHgSe2VDZ9KBUhl4_7NdyzagI7iar5NJSgD9rUtytdY") -> 1DHgSe2VDZ9KBUhl4_7NdyzagI7iar5NJSgD9rUtytdY | E78: =IFERROR(__xludf.DUMMYFUNCTION("""COMPUTED_VALUE"""),"1FHqe10A7z4kQFMWfvfI8tkxBkAgiF7u2e1XlqT1-63E") -> 1FHqe10A7z4kQFMWfvfI8tkxBkAgiF7u2e1XlqT1-63E
A79: =IFERROR(__xludf.DUMMYFUNCTION("""COMPUTED_VALUE"""),"667 - Programacion Comercial 1") -> 667 - Programacion Comercial 1 | B79: =IFERROR(__xludf.DUMMYFUNCTION("""COMPUTED_VALUE"""),"1q-0CM7N_hXOxknvTAL7P8U9-t9hqpm1-3l5E6r3G-qg") -> 1q-0CM7N_hXOxknvTAL7P8U9-t9hqpm1-3l5E6r3G-qg | C79: =IFERROR(__xludf.DUMMYFUNCTION("""COMPUTED_VALUE"""),"1R41rwbBQZrh9qjZ3XYjH5mTM9rwh34s58Htn787_YnY") -> 1R41rwbBQZrh9qjZ3XYjH5mTM9rwh34s58Htn787_YnY | D79: =IFERROR(__xludf.DUMMYFUNCTION("""COMPUTED_VALUE"""),"1s3J2CHGyPGSPwPm7T7m5o_7sQCrWwpQ5xqzAk04bgVA") -> 1s3J2CHGyPGSPwPm7T7m5o_7sQCrWwpQ5xqzAk04bgVA | E79: =IFERROR(__xludf.DUMMYFUNCTION("""COMPUTED_VALUE"""),"1VSynsMtKbK1ktIqRzKf6QEpnepidsJka") -> 1VSynsMtKbK1ktIqRzKf6QEpnepidsJka
A80: =IFERROR(__xludf.DUMMYFUNCTION("""COMPUTED_VALUE"""),"768 - Algoritmos") -> 768 - Algoritmos | B80: =IFERROR(__xludf.DUMMYFUNCTION("""COMPUTED_VALUE"""),"1SjAd6zUsLAnVyCAYH7AjoRBdaM836qJGVSbcpa5npcA") -> 1SjAd6zUsLAnVyCAYH7AjoRBdaM836qJGVSbcpa5npcA | C80: =IFERROR(__xludf.DUMMYFUNCTION("""COMPUTED_VALUE"""),"1afm0IKlaJOgHVN4bCH6AUAoNUqhq0_44_T5aENeyCWo") -> 1afm0IKlaJOgHVN4bCH6AUAoNUqhq0_44_T5aENeyCWo | D80: =IFERROR(__xludf.DUMMYFUNCTION("""COMPUTED_VALUE"""),"1G1fW33CrLmmI1Pxdgw_cAdUJKRHg8LpG4-p2vnoWUqw") -> 1G1fW33CrLmmI1Pxdgw_cAdUJKRHg8LpG4-p2vnoWUqw | E80: =IFERROR(__xludf.DUMMYFUNCTION("""COMPUTED_VALUE"""),"1ySU7wJA5-EonRSWzEsgL03LPoX0Yz7rw") -> 1ySU7wJA5-EonRSWzEsgL03LPoX0Yz7rw
A81: =IFERROR(__xludf.DUMMYFUNCTION("""COMPUTED_VALUE"""),"0089 - Comunicación Asertiva") -> 0089 - Comunicación Asertiva | D81: =IFERROR(__xludf.DUMMYFUNCTION("""COMPUTED_VALUE"""),"1_Ei-qZBLFjKXYNiETo-SLQ_i6LLtwBqz0DelGIPi31I") -> 1_Ei-qZBLFjKXYNiETo-SLQ_i6LLtwBqz0DelGIPi31I | E81: =IFERROR(__xludf.DUMMYFUNCTION("""COMPUTED_VALUE"""),"10NGlQjOf6PbS47vS9QrPsz0UIEnfLTPH") -> 10NGlQjOf6PbS47vS9QrPsz0UIEnfLTPH
